-- MySQL dump 10.16  Distrib 10.1.30-MariaDB, for Win32 (AMD64)
--
-- Host: localhost    Database: crud_base_bulk
-- ------------------------------------------------------
-- Server version	10.1.30-MariaDB

/*!40101 SET @OLD_CHARACTER_SET_CLIENT=@@CHARACTER_SET_CLIENT */;
/*!40101 SET @OLD_CHARACTER_SET_RESULTS=@@CHARACTER_SET_RESULTS */;
/*!40101 SET @OLD_COLLATION_CONNECTION=@@COLLATION_CONNECTION */;
/*!40101 SET NAMES utf8 */;
/*!40103 SET @OLD_TIME_ZONE=@@TIME_ZONE */;
/*!40103 SET TIME_ZONE='+00:00' */;
/*!40014 SET @OLD_UNIQUE_CHECKS=@@UNIQUE_CHECKS, UNIQUE_CHECKS=0 */;
/*!40014 SET @OLD_FOREIGN_KEY_CHECKS=@@FOREIGN_KEY_CHECKS, FOREIGN_KEY_CHECKS=0 */;
/*!40101 SET @OLD_SQL_MODE=@@SQL_MODE, SQL_MODE='NO_AUTO_VALUE_ON_ZERO' */;
/*!40111 SET @OLD_SQL_NOTES=@@SQL_NOTES, SQL_NOTES=0 */;

--
-- Table structure for table `bulk_makes`
--

DROP TABLE IF EXISTS `bulk_makes`;
/*!40101 SET @saved_cs_client     = @@character_set_client */;
/*!40101 SET character_set_client = utf8 */;
CREATE TABLE `bulk_makes` (
  `id` int(11) NOT NULL AUTO_INCREMENT,
  `mission_id` int(11) NOT NULL COMMENT '任務id',
  `field_name` varchar(64) NOT NULL COMMENT 'フィールド名',
  `type_a` int(11) NOT NULL COMMENT 'タイプA',
  `field_type` varchar(64) NOT NULL COMMENT 'フィールド型',
  `orig_type` varchar(64) NOT NULL COMMENT 'オリジナル型',
  `type_long` int(11) DEFAULT NULL COMMENT '型長さ',
  `null_flg` int(11) DEFAULT '0' COMMENT 'NULLフラグ',
  `p_key_flg` int(11) DEFAULT '0' COMMENT '主キーフラグ',
  `def_val` varchar(64) DEFAULT NULL COMMENT 'デフォルト値',
  `extra` varchar(256) DEFAULT NULL COMMENT '補足',
  `comment` varchar(256) DEFAULT NULL COMMENT 'コメント',
  `sort_no` int(11) DEFAULT '0' COMMENT '順番',
  `delete_flg` tinyint(1) DEFAULT '0' COMMENT '無効フラグ',
  `update_user` varchar(50) DEFAULT NULL COMMENT '更新者',
  `ip_addr` varchar(40) DEFAULT NULL COMMENT 'IPアドレス',
  `created` datetime DEFAULT NULL COMMENT '生成日時',
  `modified` timestamp NULL DEFAULT CURRENT_TIMESTAMP ON UPDATE CURRENT_TIMESTAMP COMMENT '更新日',
  PRIMARY KEY (`id`)
) ENGINE=InnoDB AUTO_INCREMENT=436 DEFAULT CHARSET=utf8;
/*!40101 SET character_set_client = @saved_cs_client */;

--
-- Dumping data for table `bulk_makes`
--

LOCK TABLES `bulk_makes` WRITE;
/*!40000 ALTER TABLE `bulk_makes` DISABLE KEYS */;
INSERT INTO `bulk_makes` VALUES (25,2,'id',22,'int','int(11)',11,1,1,NULL,'auto_increment','id',1,0,NULL,NULL,'2018-04-23 17:13:54','2018-04-23 08:13:54'),(32,2,'delete_flg',12,'tinyint','tinyint(1)',1,0,0,'0','','無効フラグ',10,0,NULL,NULL,'2018-04-23 17:13:54','2018-04-23 08:13:54'),(33,2,'update_user',18,'varchar','varchar(50)',50,0,0,NULL,'','更新者',11,0,NULL,NULL,'2018-04-23 17:13:54','2018-04-23 08:13:54'),(34,2,'ip_addr',19,'varchar','varchar(40)',40,0,0,NULL,'','IPアドレス',12,0,NULL,NULL,'2018-04-23 17:13:54','2018-04-23 08:13:54'),(35,2,'created',20,'datetime','datetime',0,0,0,NULL,'','生成日時',13,0,NULL,NULL,'2018-04-23 17:13:54','2018-04-23 08:13:54'),(36,2,'modified',21,'timestamp','timestamp',0,0,0,'CURRENT_TIMESTAMP','on update CURRENT_TIMESTAMP','更新日',14,0,NULL,NULL,'2018-04-23 17:13:54','2018-04-23 08:13:54'),(37,2,'yagi_name',2,'varchar','varchar(255)',255,0,0,NULL,'','山羊名',2,0,NULL,NULL,'2018-04-23 17:13:54','2018-04-23 08:13:54'),(38,2,'yagi_val1',24,'int','int(11)',11,0,0,NULL,'','山羊値１',3,0,NULL,NULL,'2018-04-23 17:13:54','2018-04-23 08:13:54'),(39,2,'yagi_date',25,'date','date',0,0,0,NULL,'','yagi_date',4,0,NULL,NULL,'2018-04-23 17:13:54','2018-04-23 08:13:54'),(40,2,'yagi_x_date',15,'date','date',0,1,0,NULL,'','山羊X日付',5,0,NULL,NULL,'2018-04-23 17:13:54','2018-04-23 08:13:54'),(41,2,'yagi_group',27,'int','int(11)',11,0,0,NULL,'','山羊種別',6,0,NULL,NULL,'2018-04-23 17:13:54','2018-04-23 08:13:54'),(42,2,'yagi_dt',14,'datetime','datetime',0,0,0,NULL,'','yagi_dt',7,0,NULL,NULL,'2018-04-23 17:13:54','2018-04-23 08:13:54'),(43,2,'sort_no',17,'int','int(11)',11,0,0,'0','','順番',9,0,NULL,NULL,'2018-04-23 17:13:54','2018-04-23 08:13:54'),(44,2,'note',3,'text','text',0,1,0,NULL,'','備考',8,0,NULL,NULL,'2018-04-23 17:13:54','2018-04-23 08:13:54'),(45,3,'id',22,'int','int(10) unsigned',10,1,1,NULL,'auto_increment','ID',1,0,NULL,NULL,'2018-04-30 13:17:53','2018-04-30 04:17:53'),(46,3,'username',2,'varchar','varchar(50)',50,0,0,NULL,'','ユーザー名',2,0,NULL,NULL,'2018-04-30 13:17:53','2018-04-30 04:17:53'),(47,3,'password',2,'varchar','varchar(50)',50,0,0,NULL,'','パスワード',3,0,NULL,NULL,'2018-04-30 13:17:53','2018-04-30 04:17:53'),(48,3,'role',27,'varchar','varchar(20)',20,0,0,'','','権限',4,0,'yagi','::1','2018-04-30 13:17:53','2018-04-30 04:25:26'),(49,3,'created',20,'datetime','datetime',0,0,0,NULL,'','作成日時',9,0,NULL,NULL,'2018-04-30 13:17:53','2018-04-30 04:17:53'),(50,3,'modified',21,'datetime','datetime',0,0,0,NULL,'','更新日時',10,0,NULL,NULL,'2018-04-30 13:17:53','2018-04-30 04:17:53'),(51,4,'id',22,'int','int(11)',11,1,1,NULL,'auto_increment','id',1,0,NULL,NULL,'2018-04-28 23:09:47','2018-04-28 14:09:47'),(52,4,'yagi_name',2,'varchar','varchar(255)',255,0,0,NULL,'','山羊名',2,0,NULL,NULL,'2018-04-28 23:09:47','2018-04-28 14:09:47'),(53,4,'yagi_val1',24,'int','int(11)',11,0,0,NULL,'','山羊値１',3,0,NULL,NULL,'2018-04-28 23:09:47','2018-04-28 14:09:47'),(54,4,'yagi_date',25,'date','date',0,0,0,NULL,'','yagi_date',4,0,NULL,NULL,'2018-04-28 23:09:47','2018-04-28 14:09:47'),(55,4,'yagi_x_date',25,'date','date',0,1,0,NULL,'','山羊X日付',5,0,NULL,NULL,'2018-04-28 23:09:47','2018-04-28 14:09:47'),(56,4,'yagi_group',27,'int','int(11)',11,0,0,'','','山羊種別',6,0,'kani','::1','2018-04-28 23:09:47','2018-04-28 22:00:42'),(57,4,'yagi_dt',14,'datetime','datetime',0,0,0,NULL,'','yagi_dt',7,0,NULL,NULL,'2018-04-28 23:09:47','2018-04-28 14:09:47'),(58,4,'note',3,'text','text',0,1,0,NULL,'','備考',8,0,NULL,NULL,'2018-04-28 23:09:47','2018-04-28 14:09:47'),(59,4,'sort_no',17,'int','int(11)',11,0,0,'0','','順番',9,0,NULL,NULL,'2018-04-28 23:09:47','2018-04-28 14:09:47'),(60,4,'delete_flg',12,'tinyint','tinyint(1)',1,0,0,'0','','無効フラグ',10,0,NULL,NULL,'2018-04-28 23:09:47','2018-04-28 14:09:47'),(61,4,'update_user',18,'varchar','varchar(50)',50,0,0,NULL,'','更新者',11,0,NULL,NULL,'2018-04-28 23:09:47','2018-04-28 14:09:47'),(62,4,'ip_addr',19,'varchar','varchar(40)',40,0,0,NULL,'','IPアドレス',12,0,NULL,NULL,'2018-04-28 23:09:47','2018-04-28 14:09:47'),(63,4,'created',20,'datetime','datetime',0,0,0,NULL,'','生成日時',13,0,NULL,NULL,'2018-04-28 23:09:47','2018-04-28 14:09:47'),(64,4,'modified',21,'timestamp','timestamp',0,0,0,'CURRENT_TIMESTAMP','on update CURRENT_TIMESTAMP','更新日',14,0,NULL,NULL,'2018-04-28 23:09:47','2018-04-28 14:09:47'),(65,3,'sort_no',17,'int','int(11)',11,0,0,'0','','順番',5,0,NULL,NULL,'2018-04-30 13:17:53','2018-04-30 04:17:53'),(66,3,'delete_flg',12,'tinyint','tinyint(4)',4,0,0,'0','','削除フラグ',6,0,NULL,NULL,'2018-04-30 13:17:53','2018-04-30 04:17:53'),(67,3,'update_user',18,'varchar','varchar(50)',50,0,0,NULL,'','更新ユーザー',7,0,NULL,NULL,'2018-04-30 13:17:53','2018-04-30 04:17:53'),(68,3,'ip_addr',19,'varchar','varchar(40)',40,0,0,NULL,'','更新IPアドレス',8,0,NULL,NULL,'2018-04-30 13:17:53','2018-04-30 04:17:53'),(69,5,'id',22,'int','int(11)',11,1,1,NULL,'auto_increment','ID',1,0,NULL,NULL,'2018-05-08 19:09:05','2018-05-08 10:09:05'),(70,5,'kl_category_name',2,'varchar','varchar(64)',64,1,0,NULL,'','カテゴリ名',2,0,NULL,NULL,'2018-05-08 19:09:05','2018-05-08 10:09:05'),(71,5,'category_code',2,'varchar','varchar(16)',16,1,0,NULL,'','カテゴリコード',3,0,NULL,NULL,'2018-05-08 19:09:05','2018-05-08 10:09:05'),(72,5,'sort_no',17,'int','int(11)',11,0,0,'0','','順番',4,0,NULL,NULL,'2018-05-08 19:09:05','2018-05-08 10:09:05'),(73,5,'delete_flg',12,'tinyint','tinyint(4)',4,0,0,'0','','削除フラグ',5,0,NULL,NULL,'2018-05-08 19:09:05','2018-05-08 10:09:05'),(74,5,'update_user',18,'varchar','varchar(50)',50,0,0,NULL,'','更新ユーザー',6,0,NULL,NULL,'2018-05-08 19:09:05','2018-05-08 10:09:05'),(75,5,'ip_addr',19,'varchar','varchar(16)',16,0,0,NULL,'','IPアドレス',7,0,NULL,NULL,'2018-05-08 19:09:05','2018-05-08 10:09:05'),(76,5,'created',20,'datetime','datetime',0,0,0,NULL,'','生成日時',8,0,NULL,NULL,'2018-05-08 19:09:05','2018-05-08 10:09:05'),(77,5,'modified',21,'timestamp','timestamp',0,0,0,'CURRENT_TIMESTAMP','on update CURRENT_TIMESTAMP','更新日時',9,0,NULL,NULL,'2018-05-08 19:09:05','2018-05-08 10:09:05'),(78,6,'id',22,'int','int(11)',11,1,1,NULL,'auto_increment','ID',1,0,NULL,NULL,'2018-05-08 19:54:37','2018-05-08 10:54:37'),(79,6,'kl_text',3,'text','text',0,0,0,NULL,'','心得テキスト',2,0,NULL,NULL,'2018-05-08 19:54:37','2018-05-08 10:54:37'),(80,6,'xid',2,'varchar','varchar(32)',32,1,0,NULL,'','XID',3,0,NULL,NULL,'2018-05-08 19:54:37','2018-05-08 10:54:37'),(83,6,'contents_url',2,'varchar','varchar(1024)',1024,0,0,NULL,'','内容URL',5,0,NULL,NULL,'2018-05-08 19:54:37','2018-05-08 10:54:37'),(84,6,'doc_name',2,'varchar','varchar(256)',256,0,0,NULL,'','文献名',6,0,NULL,NULL,'2018-05-08 19:54:37','2018-05-08 10:54:37'),(85,6,'doc_text',3,'text','text',0,0,0,NULL,'','文献テキスト',7,0,NULL,NULL,'2018-05-08 19:54:37','2018-05-08 10:54:37'),(86,6,'dtm',14,'datetime','datetime',0,0,0,NULL,'','学習日時',8,0,NULL,NULL,'2018-05-08 19:54:37','2018-05-08 10:54:37'),(87,6,'level',24,'int','int(11)',11,0,0,'0','','学習レベル',9,0,NULL,NULL,'2018-05-08 19:54:37','2018-05-08 10:54:37'),(88,6,'sort_no',17,'int','int(11)',11,0,0,'0','','順番',10,0,NULL,NULL,'2018-05-08 19:54:37','2018-05-08 10:54:37'),(89,6,'delete_flg',12,'tinyint','tinyint(4)',4,0,0,'0','','削除フラグ',11,0,NULL,NULL,'2018-05-08 19:54:37','2018-05-08 10:54:37'),(90,6,'update_user',18,'varchar','varchar(50)',50,0,0,NULL,'','更新ユーザー',12,0,NULL,NULL,'2018-05-08 19:54:37','2018-05-08 10:54:37'),(91,6,'ip_addr',19,'varchar','varchar(16)',16,0,0,NULL,'','IPアドレス',13,0,NULL,NULL,'2018-05-08 19:54:37','2018-05-08 10:54:37'),(92,6,'created',20,'datetime','datetime',0,0,0,NULL,'','生成日時',14,0,NULL,NULL,'2018-05-08 19:54:37','2018-05-08 10:54:37'),(93,6,'modified',21,'timestamp','timestamp',0,0,0,'CURRENT_TIMESTAMP','on update CURRENT_TIMESTAMP','更新日時',15,0,NULL,NULL,'2018-05-08 19:54:37','2018-05-08 10:54:37'),(94,6,'kl_category',27,'int','int(11)',11,1,0,'0','','カテゴリ',4,0,'kani','::1','2018-05-08 19:54:37','2018-05-08 10:54:48'),(95,7,'id',22,'int','int(11)',11,1,1,NULL,'auto_increment','id',1,0,NULL,NULL,'2018-06-16 19:51:16','2018-06-16 10:51:16'),(96,7,'rec_title',2,'varchar','varchar(50)',50,0,0,NULL,'','rec_title',2,0,NULL,NULL,'2018-06-16 19:51:16','2018-06-16 10:51:16'),(97,7,'rec_date',14,'datetime','datetime',0,0,0,NULL,'','rec_date',3,0,NULL,NULL,'2018-06-16 19:51:16','2018-06-16 10:51:16'),(98,7,'note',3,'varchar','varchar(1000)',1000,0,0,'','','note',4,0,'kani','::1','2018-06-16 19:51:16','2018-06-16 10:51:45'),(99,7,'category_id2',6,'int','int(11)',11,0,0,'','','category_id2',5,0,'kani','::1','2018-06-16 19:51:16','2018-06-16 10:54:18'),(100,7,'category_id1',6,'int','int(11)',11,0,0,'','','category_id1',6,0,'kani','::1','2018-06-16 19:51:16','2018-06-16 10:54:28'),(101,7,'tags',2,'varchar','varchar(255)',255,0,0,NULL,'','tags',7,0,NULL,NULL,'2018-06-16 19:51:16','2018-06-16 10:51:16'),(102,7,'photo_fn',2,'varchar','varchar(128)',128,0,0,NULL,'','photo_fn',8,0,NULL,NULL,'2018-06-16 19:51:16','2018-06-16 10:51:16'),(103,7,'photo_dir',2,'varchar','varchar(128)',128,0,0,NULL,'','写真ディレクトリパス',9,0,NULL,NULL,'2018-06-16 19:51:16','2018-06-16 10:51:16'),(104,7,'ref_url',2,'varchar','varchar(2083)',2083,0,0,NULL,'','参照URL',10,0,NULL,NULL,'2018-06-16 19:51:16','2018-06-16 10:51:16'),(105,7,'nendo',24,'int','int(11)',11,0,0,NULL,'','nendo',11,0,NULL,NULL,'2018-06-16 19:51:16','2018-06-16 10:51:16'),(106,7,'sort_no',17,'int','int(11)',11,0,0,NULL,'','sort_no',12,0,NULL,NULL,'2018-06-16 19:51:16','2018-06-16 10:51:16'),(107,7,'no_a',24,'int','int(11)',11,0,0,NULL,'','番号A',13,0,NULL,NULL,'2018-06-16 19:51:16','2018-06-16 10:51:16'),(108,7,'no_b',24,'int','int(11)',11,0,0,NULL,'','no_b',14,0,NULL,NULL,'2018-06-16 19:51:16','2018-06-16 10:51:16'),(109,7,'parent_id',6,'int','int(11)',11,0,0,'','','親ID',15,0,'kani','::1','2018-06-16 19:51:16','2018-06-16 10:52:31'),(110,7,'probe_id',6,'int','int(11)',11,0,0,'','','サンプルID',16,0,'kani','::1','2018-06-16 19:51:16','2018-06-16 10:52:44'),(111,7,'publish',5,'tinyint','tinyint(1)',1,0,0,NULL,'','公開フラグ',17,0,NULL,NULL,'2018-06-16 19:51:16','2018-06-16 10:51:16'),(112,7,'create_date',14,'datetime','datetime',0,0,0,NULL,'','create_date',18,0,NULL,NULL,'2018-06-16 19:51:16','2018-06-16 10:51:16'),(113,7,'update_date',14,'datetime','datetime',0,0,0,NULL,'','update_date',19,0,NULL,NULL,'2018-06-16 19:51:16','2018-06-16 10:51:16'),(114,8,'id',22,'int','int(11)',11,1,1,NULL,'auto_increment','ID',1,0,NULL,NULL,'2018-07-14 07:42:22','2018-07-13 22:42:22'),(115,8,'category',2,'varchar','varchar(16)',16,0,0,NULL,'','カテゴリ',2,0,NULL,NULL,'2018-07-14 07:42:22','2018-07-13 22:42:22'),(116,8,'diary_date',25,'date','date',0,1,0,NULL,'','日誌日付',3,0,NULL,NULL,'2018-07-14 07:42:22','2018-07-13 22:42:22'),(117,8,'diary_dt',14,'datetime','datetime',0,1,0,NULL,'','日誌日時',4,0,NULL,NULL,'2018-07-14 07:42:22','2018-07-13 22:42:22'),(118,8,'diary_note',3,'text','text',0,1,0,NULL,'','日誌',5,0,NULL,NULL,'2018-07-14 07:42:22','2018-07-13 22:42:22'),(119,8,'delete_flg',12,'tinyint','tinyint(1)',1,0,0,'0','','無効フラグ',6,0,NULL,NULL,'2018-07-14 07:42:22','2018-07-13 22:42:22'),(120,8,'update_user',18,'varchar','varchar(50)',50,0,0,NULL,'','更新者',7,0,NULL,NULL,'2018-07-14 07:42:22','2018-07-13 22:42:22'),(121,8,'ip_addr',19,'varchar','varchar(40)',40,0,0,NULL,'','IPアドレス',8,0,NULL,NULL,'2018-07-14 07:42:22','2018-07-13 22:42:22'),(122,8,'created',20,'datetime','datetime',0,0,0,NULL,'','生成日時',9,0,NULL,NULL,'2018-07-14 07:42:22','2018-07-13 22:42:22'),(123,8,'modified',21,'timestamp','timestamp',0,0,0,'CURRENT_TIMESTAMP','on update CURRENT_TIMESTAMP','更新日',10,0,NULL,NULL,'2018-07-14 07:42:22','2018-07-13 22:42:22'),(124,9,'id',22,'int','int(11)',11,1,1,NULL,'auto_increment','id',1,0,NULL,NULL,'2018-09-01 22:55:07','2018-09-01 13:55:07'),(125,9,'bio_cls_name',2,'varchar','varchar(255)',255,0,0,NULL,'','綱名',2,0,NULL,NULL,'2018-09-01 22:55:07','2018-09-01 13:55:07'),(126,9,'note',3,'text','text',0,1,0,NULL,'','備考',3,0,NULL,NULL,'2018-09-01 22:55:07','2018-09-01 13:55:07'),(127,9,'sort_no',17,'int','int(11)',11,0,0,'0','','順番',4,0,NULL,NULL,'2018-09-01 22:55:07','2018-09-01 13:55:07'),(128,9,'delete_flg',12,'tinyint','tinyint(1)',1,0,0,'0','','無効フラグ',5,0,NULL,NULL,'2018-09-01 22:55:07','2018-09-01 13:55:07'),(129,9,'update_user',18,'varchar','varchar(50)',50,0,0,NULL,'','更新者',6,0,NULL,NULL,'2018-09-01 22:55:07','2018-09-01 13:55:07'),(130,9,'ip_addr',19,'varchar','varchar(40)',40,0,0,NULL,'','IPアドレス',7,0,NULL,NULL,'2018-09-01 22:55:07','2018-09-01 13:55:07'),(131,9,'created',20,'datetime','datetime',0,0,0,NULL,'','生成日時',8,0,NULL,NULL,'2018-09-01 22:55:07','2018-09-01 13:55:07'),(132,9,'modified',21,'timestamp','timestamp',0,0,0,'CURRENT_TIMESTAMP','on update CURRENT_TIMESTAMP','更新日',9,0,NULL,NULL,'2018-09-01 22:55:07','2018-09-01 13:55:07'),(133,10,'id',22,'int','int(11)',11,1,1,NULL,'auto_increment','id',1,0,NULL,NULL,'2018-09-01 23:50:11','2018-09-01 14:50:11'),(134,10,'en_ctg_name',2,'varchar','varchar(255)',255,0,0,NULL,'','絶滅危惧種カテゴリー名',2,0,NULL,NULL,'2018-09-01 23:50:11','2018-09-01 14:50:11'),(135,10,'note',3,'text','text',0,1,0,NULL,'','備考',3,0,NULL,NULL,'2018-09-01 23:50:11','2018-09-01 14:50:11'),(136,10,'sort_no',17,'int','int(11)',11,0,0,'0','','順番',4,0,NULL,NULL,'2018-09-01 23:50:11','2018-09-01 14:50:11'),(137,10,'delete_flg',12,'tinyint','tinyint(1)',1,0,0,'0','','無効フラグ',5,0,NULL,NULL,'2018-09-01 23:50:11','2018-09-01 14:50:11'),(138,10,'update_user',18,'varchar','varchar(50)',50,0,0,NULL,'','更新者',6,0,NULL,NULL,'2018-09-01 23:50:11','2018-09-01 14:50:11'),(139,10,'ip_addr',19,'varchar','varchar(40)',40,0,0,NULL,'','IPアドレス',7,0,NULL,NULL,'2018-09-01 23:50:11','2018-09-01 14:50:11'),(140,10,'created',20,'datetime','datetime',0,0,0,NULL,'','生成日時',8,0,NULL,NULL,'2018-09-01 23:50:11','2018-09-01 14:50:11'),(141,10,'modified',21,'timestamp','timestamp',0,0,0,'CURRENT_TIMESTAMP','on update CURRENT_TIMESTAMP','更新日',9,0,NULL,NULL,'2018-09-01 23:50:11','2018-09-01 14:50:11'),(142,11,'id',22,'int','int(11)',11,1,1,NULL,'auto_increment','id',1,0,NULL,NULL,'2018-09-02 15:16:01','2018-09-02 06:16:01'),(143,11,'bio_cls_id',27,'int','int(11)',11,0,0,NULL,'','綱ID',2,0,NULL,NULL,'2018-09-02 15:16:01','2018-09-02 06:16:01'),(144,11,'family_name',2,'varchar','varchar(255)',255,0,0,NULL,'','科',3,0,NULL,NULL,'2018-09-02 15:16:01','2018-09-02 06:16:01'),(145,11,'wamei',2,'varchar','varchar(255)',255,0,0,NULL,'','和名',4,0,NULL,NULL,'2018-09-02 15:16:01','2018-09-02 06:16:01'),(146,11,'scien_name',2,'varchar','varchar(225)',225,0,0,NULL,'','学名',5,0,NULL,NULL,'2018-09-02 15:16:01','2018-09-02 06:16:01'),(147,11,'en_ctg_id',27,'int','int(11)',11,0,0,'0','','絶滅危惧種カテゴリーID',6,0,NULL,NULL,'2018-09-02 15:16:01','2018-09-02 06:16:01'),(148,11,'endemic_sp_flg',11,'tinyint','tinyint(4)',4,0,0,'0','','固有種フラグ',7,0,NULL,NULL,'2018-09-02 15:16:01','2018-09-02 06:16:01'),(149,11,'note',3,'text','text',0,1,0,NULL,'','備考',8,0,NULL,NULL,'2018-09-02 15:16:01','2018-09-02 06:16:01'),(150,11,'sort_no',17,'int','int(11)',11,0,0,'0','','順番',9,0,NULL,NULL,'2018-09-02 15:16:01','2018-09-02 06:16:01'),(151,11,'delete_flg',12,'tinyint','tinyint(1)',1,0,0,'0','','無効フラグ',10,0,NULL,NULL,'2018-09-02 15:16:01','2018-09-02 06:16:01'),(152,11,'update_user',18,'varchar','varchar(50)',50,0,0,NULL,'','更新者',11,0,NULL,NULL,'2018-09-02 15:16:01','2018-09-02 06:16:01'),(153,11,'ip_addr',19,'varchar','varchar(40)',40,0,0,NULL,'','IPアドレス',12,0,NULL,NULL,'2018-09-02 15:16:01','2018-09-02 06:16:01'),(154,11,'created',20,'datetime','datetime',0,0,0,NULL,'','生成日時',13,0,NULL,NULL,'2018-09-02 15:16:01','2018-09-02 06:16:01'),(155,11,'modified',21,'timestamp','timestamp',0,0,0,'CURRENT_TIMESTAMP','on update CURRENT_TIMESTAMP','更新日',14,0,NULL,NULL,'2018-09-02 15:16:01','2018-09-02 06:16:01'),(156,12,'id',22,'int','int(11)',11,1,1,NULL,'auto_increment','id',1,0,NULL,NULL,'2018-09-11 11:31:02','2018-09-11 02:31:02'),(157,12,'animal_name',2,'varchar','varchar(255)',255,0,0,NULL,'','動物名',2,0,NULL,NULL,'2018-09-11 11:31:02','2018-09-11 02:31:02'),(158,12,'anim_ctg_id',27,'int','int(11)',11,0,0,NULL,'','動物カテゴリ',3,0,NULL,NULL,'2018-09-11 11:31:02','2018-09-11 02:31:02'),(159,12,'place',2,'varchar','varchar(255)',255,0,0,NULL,'','場所',4,0,NULL,NULL,'2018-09-11 11:31:02','2018-09-11 02:31:02'),(160,12,'img_fn',28,'varchar','varchar(256)',256,0,0,NULL,'','動物画像',5,0,NULL,NULL,'2018-09-11 11:31:02','2018-09-11 02:31:02'),(161,12,'note',3,'text','text',0,1,0,NULL,'','備考',6,0,NULL,NULL,'2018-09-11 11:31:02','2018-09-11 02:31:02'),(162,12,'sort_no',17,'int','int(11)',11,0,0,'0','','順番',7,0,NULL,NULL,'2018-09-11 11:31:02','2018-09-11 02:31:02'),(163,12,'delete_flg',12,'tinyint','tinyint(1)',1,0,0,'0','','無効フラグ',8,0,NULL,NULL,'2018-09-11 11:31:02','2018-09-11 02:31:02'),(164,12,'update_user',18,'varchar','varchar(50)',50,0,0,NULL,'','更新者',9,0,NULL,NULL,'2018-09-11 11:31:02','2018-09-11 02:31:02'),(165,12,'ip_addr',19,'varchar','varchar(40)',40,0,0,NULL,'','IPアドレス',10,0,NULL,NULL,'2018-09-11 11:31:02','2018-09-11 02:31:02'),(166,12,'created',20,'datetime','datetime',0,0,0,NULL,'','生成日時',11,0,NULL,NULL,'2018-09-11 11:31:02','2018-09-11 02:31:02'),(167,12,'modified',21,'timestamp','timestamp',0,0,0,'CURRENT_TIMESTAMP','on update CURRENT_TIMESTAMP','更新日',12,0,NULL,NULL,'2018-09-11 11:31:02','2018-09-11 02:31:02'),(168,13,'id',22,'int','int(11)',11,1,1,NULL,'auto_increment','id',1,0,NULL,NULL,'2018-09-10 15:18:34','2018-09-10 06:18:34'),(169,13,'anim_ctg_name',2,'varchar','varchar(255)',255,0,0,NULL,'','動物カテゴリ名',2,0,NULL,NULL,'2018-09-10 15:18:34','2018-09-10 06:18:34'),(170,13,'note',3,'text','text',0,1,0,NULL,'','備考',3,0,NULL,NULL,'2018-09-10 15:18:34','2018-09-10 06:18:34'),(171,13,'sort_no',17,'int','int(11)',11,0,0,'0','','順番',4,0,NULL,NULL,'2018-09-10 15:18:34','2018-09-10 06:18:34'),(172,13,'delete_flg',12,'tinyint','tinyint(1)',1,0,0,'0','','無効フラグ',5,0,NULL,NULL,'2018-09-10 15:18:34','2018-09-10 06:18:34'),(173,13,'update_user',18,'varchar','varchar(50)',50,0,0,NULL,'','更新者',6,0,NULL,NULL,'2018-09-10 15:18:34','2018-09-10 06:18:34'),(174,13,'ip_addr',19,'varchar','varchar(40)',40,0,0,NULL,'','IPアドレス',7,0,NULL,NULL,'2018-09-10 15:18:34','2018-09-10 06:18:34'),(175,13,'created',20,'datetime','datetime',0,0,0,NULL,'','生成日時',8,0,NULL,NULL,'2018-09-10 15:18:34','2018-09-10 06:18:34'),(176,13,'modified',21,'timestamp','timestamp',0,0,0,'CURRENT_TIMESTAMP','on update CURRENT_TIMESTAMP','更新日',9,0,NULL,NULL,'2018-09-10 15:18:34','2018-09-10 06:18:34'),(177,14,'id',22,'int','int(11)',11,1,1,NULL,'auto_increment','id',1,0,NULL,NULL,'2018-10-05 16:45:33','2018-10-05 07:45:33'),(178,14,'title_name',2,'varchar','varchar(255)',255,0,0,NULL,'','タイトル',2,0,NULL,NULL,'2018-10-05 16:45:33','2018-10-05 07:45:33'),(179,14,'title_ctg_id',27,'int','int(11)',11,0,0,'0','','タイトルカテゴリ',3,0,NULL,NULL,'2018-10-05 16:45:33','2018-10-05 07:45:33'),(180,14,'note',3,'text','text',0,0,0,NULL,'','備考',4,0,NULL,NULL,'2018-10-05 16:45:33','2018-10-05 07:45:33'),(181,14,'public_flg',13,'tinyint','tinyint(4)',4,0,0,'1','','公開',5,0,'kani','::1','2018-10-05 16:45:33','2018-10-23 03:41:49'),(182,14,'sort_no',17,'int','int(11)',11,0,0,'0','','順番',6,0,NULL,NULL,'2018-10-05 16:45:33','2018-10-05 07:45:33'),(183,14,'delete_flg',12,'tinyint','tinyint(1)',1,0,0,'0','','無効フラグ',7,0,NULL,NULL,'2018-10-05 16:45:33','2018-10-05 07:45:33'),(184,14,'update_user',18,'varchar','varchar(50)',50,0,0,NULL,'','更新者',8,0,NULL,NULL,'2018-10-05 16:45:33','2018-10-05 07:45:33'),(185,14,'ip_addr',19,'varchar','varchar(40)',40,0,0,NULL,'','IPアドレス',9,0,NULL,NULL,'2018-10-05 16:45:33','2018-10-05 07:45:33'),(186,14,'created',20,'datetime','datetime',0,0,0,NULL,'','生成日時',10,0,NULL,NULL,'2018-10-05 16:45:33','2018-10-05 07:45:33'),(187,14,'modified',21,'timestamp','timestamp',0,0,0,'CURRENT_TIMESTAMP','on update CURRENT_TIMESTAMP','更新日時',11,0,NULL,NULL,'2018-10-05 16:45:33','2018-10-05 07:45:33'),(188,15,'id',22,'int','int(11)',11,1,1,NULL,'auto_increment','id',1,0,NULL,NULL,'2018-10-05 20:33:16','2018-10-05 11:33:16'),(189,15,'title_ctg_name',2,'varchar','varchar(255)',255,0,0,NULL,'','タイトルカテゴリ',2,0,NULL,NULL,'2018-10-05 20:33:16','2018-10-05 11:33:16'),(190,15,'note',3,'text','text',0,0,0,NULL,'','備考',3,0,NULL,NULL,'2018-10-05 20:33:16','2018-10-05 11:33:16'),(191,15,'sort_no',17,'int','int(11)',11,0,0,'0','','順番',4,0,NULL,NULL,'2018-10-05 20:33:16','2018-10-05 11:33:16'),(192,15,'delete_flg',12,'tinyint','tinyint(1)',1,0,0,'0','','無効フラグ',5,0,NULL,NULL,'2018-10-05 20:33:16','2018-10-05 11:33:16'),(193,15,'update_user',18,'varchar','varchar(50)',50,0,0,NULL,'','更新者',6,0,NULL,NULL,'2018-10-05 20:33:16','2018-10-05 11:33:16'),(194,15,'ip_addr',19,'varchar','varchar(40)',40,0,0,NULL,'','IPアドレス',7,0,NULL,NULL,'2018-10-05 20:33:16','2018-10-05 11:33:16'),(195,15,'created',20,'datetime','datetime',0,0,0,NULL,'','生成日時',8,0,NULL,NULL,'2018-10-05 20:33:16','2018-10-05 11:33:16'),(196,15,'modified',21,'timestamp','timestamp',0,0,0,'CURRENT_TIMESTAMP','on update CURRENT_TIMESTAMP','更新日時',9,0,NULL,NULL,'2018-10-05 20:33:16','2018-10-05 11:33:16'),(197,16,'id',22,'int','int(11)',11,1,1,NULL,'auto_increment','ID',1,0,NULL,NULL,'2018-10-10 14:20:15','2018-10-10 05:20:15'),(198,16,'title_id',27,'int','int(11)',11,0,0,'0','','タイトル',2,0,NULL,NULL,'2018-10-10 14:20:15','2018-10-10 05:20:15'),(199,16,'rec_date',15,'datetime','datetime',0,0,0,'','','記録日付',3,0,'kani','::1','2018-10-10 14:20:15','2018-10-10 05:20:33'),(200,16,'note',3,'text','text',0,0,0,NULL,'','ノート',4,0,NULL,NULL,'2018-10-10 14:20:15','2018-10-10 05:20:15'),(201,16,'rec_ctg_id',27,'int','int(11)',11,0,0,'0','','記録カテゴリ',5,0,NULL,NULL,'2018-10-10 14:20:15','2018-10-10 05:20:15'),(202,16,'img_fn',28,'varchar','varchar(128)',128,0,0,NULL,'','画像',6,0,NULL,NULL,'2018-10-10 14:20:15','2018-10-10 05:20:15'),(203,16,'img_dp',2,'varchar','varchar(128)',128,0,0,NULL,'','画像ディレクトリパス',7,0,NULL,NULL,'2018-10-10 14:20:15','2018-10-10 05:20:15'),(204,16,'ref_url',2,'varchar','varchar(2083)',2083,0,0,NULL,'','参照URL',8,0,NULL,NULL,'2018-10-10 14:20:15','2018-10-10 05:20:15'),(205,16,'no_a',5,'int','int(11)',11,0,0,'','','番号A',9,0,'kani','::1','2018-10-10 14:20:15','2018-10-10 05:21:29'),(206,16,'no_b',5,'int','int(11)',11,0,0,'','','番号B',10,0,'kani','::1','2018-10-10 14:20:15','2018-10-10 05:21:35'),(207,16,'rec_title',2,'varchar','varchar(50)',50,0,0,NULL,'','rec_title',11,0,NULL,NULL,'2018-10-10 14:20:15','2018-10-10 05:20:15'),(208,16,'parent_id',5,'int','int(11)',11,0,0,'0','','親ID',12,0,'kani','::1','2018-10-10 14:20:15','2018-10-10 05:23:57'),(209,16,'public_flg',13,'tinyint','tinyint(1)',1,0,0,'1','','公開',13,0,NULL,NULL,'2018-10-10 14:20:15','2018-10-10 05:20:15'),(210,16,'sort_no',17,'int','int(11)',11,0,0,'0','','順番',14,0,NULL,NULL,'2018-10-10 14:20:15','2018-10-10 05:20:15'),(211,16,'delete_flg',12,'tinyint','tinyint(4)',4,1,0,'0','','削除',15,0,NULL,NULL,'2018-10-10 14:20:15','2018-10-10 05:20:15'),(212,16,'update_user',18,'varchar','varchar(50)',50,0,0,NULL,'','更新者',16,0,NULL,NULL,'2018-10-10 14:20:15','2018-10-10 05:20:15'),(213,16,'ip_addr',19,'varchar','varchar(40)',40,0,0,NULL,'','IPアドレス',17,0,NULL,NULL,'2018-10-10 14:20:15','2018-10-10 05:20:15'),(214,16,'created',20,'datetime','datetime',0,0,0,NULL,'','生成日時',18,0,NULL,NULL,'2018-10-10 14:20:15','2018-10-10 05:20:15'),(215,16,'modified',21,'timestamp','timestamp',0,0,0,'CURRENT_TIMESTAMP','on update CURRENT_TIMESTAMP','更新日時',19,0,NULL,NULL,'2018-10-10 14:20:15','2018-10-10 05:20:15'),(216,17,'id',22,'int','int(11)',11,1,1,NULL,'auto_increment','id',1,0,NULL,NULL,'2018-10-06 08:36:28','2018-10-05 23:36:28'),(217,17,'rec_ctg_name',2,'varchar','varchar(255)',255,0,0,NULL,'','記録カテゴリ',2,0,NULL,NULL,'2018-10-06 08:36:28','2018-10-05 23:36:28'),(218,17,'note',3,'text','text',0,0,0,NULL,'','備考',3,0,NULL,NULL,'2018-10-06 08:36:28','2018-10-05 23:36:28'),(219,17,'sort_no',17,'int','int(11)',11,0,0,'0','','順番',4,0,NULL,NULL,'2018-10-06 08:36:28','2018-10-05 23:36:28'),(220,17,'delete_flg',12,'tinyint','tinyint(1)',1,0,0,'0','','無効フラグ',5,0,NULL,NULL,'2018-10-06 08:36:28','2018-10-05 23:36:28'),(221,17,'update_user',18,'varchar','varchar(50)',50,0,0,NULL,'','更新者',6,0,NULL,NULL,'2018-10-06 08:36:28','2018-10-05 23:36:28'),(222,17,'ip_addr',19,'varchar','varchar(40)',40,0,0,NULL,'','IPアドレス',7,0,NULL,NULL,'2018-10-06 08:36:28','2018-10-05 23:36:28'),(223,17,'created',20,'datetime','datetime',0,0,0,NULL,'','生成日時',8,0,NULL,NULL,'2018-10-06 08:36:28','2018-10-05 23:36:28'),(224,17,'modified',21,'timestamp','timestamp',0,0,0,'CURRENT_TIMESTAMP','on update CURRENT_TIMESTAMP','更新日時',9,0,NULL,NULL,'2018-10-06 08:36:28','2018-10-05 23:36:28'),(225,18,'id',22,'int','int(11)',11,1,1,NULL,'auto_increment','id',1,0,NULL,NULL,'2018-10-23 16:55:06','2018-10-23 07:55:06'),(226,18,'neko_val',24,'int','int(11)',11,0,0,NULL,'','neko_val',2,0,NULL,NULL,'2018-10-23 16:55:06','2018-10-23 07:55:06'),(227,18,'neko_name',2,'varchar','varchar(255)',255,0,0,NULL,'','neko_name',3,0,NULL,NULL,'2018-10-23 16:55:06','2018-10-23 07:55:06'),(228,18,'neko_date',25,'date','date',0,0,0,NULL,'','neko_date',4,0,NULL,NULL,'2018-10-23 16:55:06','2018-10-23 07:55:06'),(229,18,'neko_group',24,'int','int(11)',11,0,0,NULL,'','猫種別',5,0,NULL,NULL,'2018-10-23 16:55:06','2018-10-23 07:55:06'),(230,18,'neko_dt',14,'datetime','datetime',0,0,0,NULL,'','neko_dt',6,0,NULL,NULL,'2018-10-23 16:55:06','2018-10-23 07:55:06'),(231,18,'neko_flg',13,'tinyint','tinyint(4)',4,0,0,'0','','ネコフラグ',7,0,NULL,NULL,'2018-10-23 16:55:06','2018-10-23 07:55:06'),(232,18,'img_fn',28,'varchar','varchar(256)',256,0,0,NULL,'','画像ファイル名',8,0,NULL,NULL,'2018-10-23 16:55:06','2018-10-23 07:55:06'),(233,18,'note',3,'text','text',0,1,0,NULL,'','備考',9,0,NULL,NULL,'2018-10-23 16:55:06','2018-10-23 07:55:06'),(234,18,'sort_no',17,'int','int(11)',11,0,0,'0','','順番',10,0,NULL,NULL,'2018-10-23 16:55:06','2018-10-23 07:55:06'),(235,18,'delete_flg',12,'tinyint','tinyint(1)',1,0,0,'0','','無効フラグ',11,0,NULL,NULL,'2018-10-23 16:55:06','2018-10-23 07:55:06'),(236,18,'update_user',18,'varchar','varchar(50)',50,0,0,NULL,'','更新者',12,0,NULL,NULL,'2018-10-23 16:55:06','2018-10-23 07:55:06'),(237,18,'ip_addr',19,'varchar','varchar(40)',40,0,0,NULL,'','IPアドレス',13,0,NULL,NULL,'2018-10-23 16:55:06','2018-10-23 07:55:06'),(238,18,'created',20,'datetime','datetime',0,0,0,NULL,'','生成日時',14,0,NULL,NULL,'2018-10-23 16:55:06','2018-10-23 07:55:06'),(239,18,'modified',21,'timestamp','timestamp',0,0,0,'CURRENT_TIMESTAMP','on update CURRENT_TIMESTAMP','更新日',15,0,NULL,NULL,'2018-10-23 16:55:06','2018-10-23 07:55:06'),(240,20,'id',22,'int','int(11)',11,1,1,NULL,'auto_increment','id',1,0,NULL,NULL,'2018-12-26 15:55:28','2018-12-26 06:55:28'),(241,20,'rental_item_name',2,'varchar','varchar(255)',255,0,0,NULL,'','レンタルアイテム名',2,0,NULL,NULL,'2018-12-26 15:55:28','2018-12-26 06:55:28'),(242,20,'note',3,'text','text',0,1,0,NULL,'','備考',3,0,NULL,NULL,'2018-12-26 15:55:28','2018-12-26 06:55:28'),(243,20,'sort_no',17,'int','int(11)',11,0,0,'0','','順番',4,0,NULL,NULL,'2018-12-26 15:55:28','2018-12-26 06:55:28'),(244,20,'delete_flg',12,'tinyint','tinyint(1)',1,0,0,'0','','無効フラグ',5,0,NULL,NULL,'2018-12-26 15:55:28','2018-12-26 06:55:28'),(245,20,'update_user',18,'varchar','varchar(50)',50,0,0,NULL,'','更新者',6,0,NULL,NULL,'2018-12-26 15:55:28','2018-12-26 06:55:28'),(246,20,'ip_addr',19,'varchar','varchar(40)',40,0,0,NULL,'','IPアドレス',7,0,NULL,NULL,'2018-12-26 15:55:28','2018-12-26 06:55:28'),(247,20,'created',20,'datetime','datetime',0,0,0,NULL,'','生成日時',8,0,NULL,NULL,'2018-12-26 15:55:28','2018-12-26 06:55:28'),(248,20,'modified',21,'timestamp','timestamp',0,0,0,'CURRENT_TIMESTAMP','on update CURRENT_TIMESTAMP','更新日',9,0,NULL,NULL,'2018-12-26 15:55:28','2018-12-26 06:55:28'),(249,21,'id',22,'int','int(11)',11,1,1,NULL,'auto_increment','id',1,0,NULL,NULL,'2018-12-27 12:06:51','2018-12-27 03:06:51'),(250,21,'customer_name',2,'varchar','varchar(255)',255,0,0,NULL,'','お客様氏名',2,0,NULL,NULL,'2018-12-27 12:06:51','2018-12-27 03:06:51'),(251,21,'kana',2,'varchar','varchar(256)',256,0,0,NULL,'','ヨミガナ',3,0,NULL,NULL,'2018-12-27 12:06:51','2018-12-27 03:06:51'),(252,21,'mail_addr',2,'varchar','varchar(256)',256,0,0,NULL,'','メールアドレス',4,0,NULL,NULL,'2018-12-27 12:06:51','2018-12-27 03:06:51'),(253,21,'postal_code',2,'varchar','varchar(16)',16,0,0,NULL,'','郵便番号',5,0,NULL,NULL,'2018-12-27 12:06:51','2018-12-27 03:06:51'),(254,21,'address',2,'varchar','varchar(256)',256,0,0,NULL,'','住所',6,0,NULL,NULL,'2018-12-27 12:06:51','2018-12-27 03:06:51'),(255,21,'tel',2,'varchar','varchar(32)',32,0,0,NULL,'','電話番号',7,0,NULL,NULL,'2018-12-27 12:06:51','2018-12-27 03:06:51'),(256,21,'note',3,'text','text',0,1,0,NULL,'','備考',8,0,NULL,NULL,'2018-12-27 12:06:51','2018-12-27 03:06:51'),(257,21,'sort_no',17,'int','int(11)',11,0,0,'0','','順番',9,0,NULL,NULL,'2018-12-27 12:06:51','2018-12-27 03:06:51'),(258,21,'delete_flg',12,'tinyint','tinyint(1)',1,0,0,'0','','無効フラグ',10,0,NULL,NULL,'2018-12-27 12:06:51','2018-12-27 03:06:51'),(259,21,'update_user',18,'varchar','varchar(50)',50,0,0,NULL,'','更新者',11,0,NULL,NULL,'2018-12-27 12:06:51','2018-12-27 03:06:51'),(260,21,'ip_addr',19,'varchar','varchar(40)',40,0,0,NULL,'','IPアドレス',12,0,NULL,NULL,'2018-12-27 12:06:51','2018-12-27 03:06:51'),(261,21,'created',20,'datetime','datetime',0,0,0,NULL,'','生成日時',13,0,NULL,NULL,'2018-12-27 12:06:51','2018-12-27 03:06:51'),(262,21,'modified',21,'timestamp','timestamp',0,0,0,'CURRENT_TIMESTAMP','on update CURRENT_TIMESTAMP','更新日',14,0,NULL,NULL,'2018-12-27 12:06:51','2018-12-27 03:06:51'),(263,22,'id',22,'int','int(11)',11,1,1,NULL,'auto_increment','id',1,0,NULL,NULL,'2018-12-27 17:50:04','2018-12-27 08:50:04'),(264,22,'holiday_name',2,'varchar','varchar(255)',255,0,0,NULL,'','休日名',2,0,NULL,NULL,'2018-12-27 17:50:04','2018-12-27 08:50:04'),(265,22,'holiday_date',15,'date','date',0,0,0,'','','休日日付',3,0,'kani','::1','2018-12-27 17:50:04','2018-12-27 08:50:38'),(266,22,'holiday_type',27,'int','int(11)',11,1,0,'0','','休日タイプ',4,0,'kani','::1','2018-12-27 17:50:04','2018-12-27 08:50:16'),(267,22,'note',3,'text','text',0,1,0,NULL,'','備考',5,0,NULL,NULL,'2018-12-27 17:50:04','2018-12-27 08:50:04'),(268,22,'sort_no',17,'int','int(11)',11,0,0,'0','','順番',6,0,NULL,NULL,'2018-12-27 17:50:04','2018-12-27 08:50:04'),(269,22,'delete_flg',12,'tinyint','tinyint(1)',1,0,0,'0','','無効フラグ',7,0,NULL,NULL,'2018-12-27 17:50:04','2018-12-27 08:50:04'),(270,22,'update_user',18,'varchar','varchar(50)',50,0,0,NULL,'','更新者',8,0,NULL,NULL,'2018-12-27 17:50:04','2018-12-27 08:50:04'),(271,22,'ip_addr',19,'varchar','varchar(40)',40,0,0,NULL,'','IPアドレス',9,0,NULL,NULL,'2018-12-27 17:50:04','2018-12-27 08:50:04'),(272,22,'created',20,'datetime','datetime',0,0,0,NULL,'','生成日時',10,0,NULL,NULL,'2018-12-27 17:50:04','2018-12-27 08:50:04'),(273,22,'modified',21,'timestamp','timestamp',0,0,0,'CURRENT_TIMESTAMP','on update CURRENT_TIMESTAMP','更新日',11,0,NULL,NULL,'2018-12-27 17:50:04','2018-12-27 08:50:04'),(274,23,'id',22,'int','int(11)',11,1,1,NULL,'auto_increment','id',1,0,NULL,NULL,'2018-12-27 20:49:48','2018-12-27 11:49:48'),(275,23,'timetable_name',2,'varchar','varchar(255)',255,0,0,NULL,'','割当名',2,0,NULL,NULL,'2018-12-27 20:49:48','2018-12-27 11:49:48'),(276,23,'rental_item_id',27,'int','int(11)',11,0,0,'0','','レンタルアイテム',3,0,NULL,NULL,'2018-12-27 20:49:48','2018-12-27 11:49:48'),(277,23,'note',3,'text','text',0,1,0,NULL,'','備考',4,0,NULL,NULL,'2018-12-27 20:49:48','2018-12-27 11:49:48'),(278,23,'sort_no',17,'int','int(11)',11,0,0,'0','','順番',5,0,NULL,NULL,'2018-12-27 20:49:48','2018-12-27 11:49:48'),(279,23,'delete_flg',12,'tinyint','tinyint(1)',1,0,0,'0','','無効フラグ',6,0,NULL,NULL,'2018-12-27 20:49:48','2018-12-27 11:49:48'),(280,23,'update_user',18,'varchar','varchar(50)',50,0,0,NULL,'','更新者',7,0,NULL,NULL,'2018-12-27 20:49:48','2018-12-27 11:49:48'),(281,23,'ip_addr',19,'varchar','varchar(40)',40,0,0,NULL,'','IPアドレス',8,0,NULL,NULL,'2018-12-27 20:49:48','2018-12-27 11:49:48'),(282,23,'created',20,'datetime','datetime',0,0,0,NULL,'','生成日時',9,0,NULL,NULL,'2018-12-27 20:49:48','2018-12-27 11:49:48'),(283,23,'modified',21,'timestamp','timestamp',0,0,0,'CURRENT_TIMESTAMP','on update CURRENT_TIMESTAMP','更新日',10,0,NULL,NULL,'2018-12-27 20:49:48','2018-12-27 11:49:48'),(284,24,'id',22,'int','int(11)',11,1,1,NULL,'auto_increment','id',1,0,NULL,NULL,'2018-12-28 06:12:36','2018-12-27 21:12:36'),(285,24,'rental_item_id',27,'int','int(11)',11,0,0,'0','','レンタルアイテム',2,0,NULL,NULL,'2018-12-28 06:12:36','2018-12-27 21:12:36'),(286,24,'rental_cnt_date',15,'date','date',0,0,0,'','','レンタル数日付',3,0,'kani','::1','2018-12-28 06:12:36','2018-12-27 21:12:45'),(287,24,'timetable_id',27,'int','int(11)',11,1,0,'0','','時間割',4,0,NULL,NULL,'2018-12-28 06:12:36','2018-12-27 21:12:36'),(288,24,'rental_item_cnt',6,'int','int(11)',11,0,0,'','','レンタルアイテム数',5,0,'kani','::1','2018-12-28 06:12:36','2018-12-27 21:13:11'),(289,24,'sort_no',17,'int','int(11)',11,0,0,'0','','順番',6,0,NULL,NULL,'2018-12-28 06:12:36','2018-12-27 21:12:36'),(290,24,'delete_flg',12,'tinyint','tinyint(1)',1,0,0,'0','','無効フラグ',7,0,NULL,NULL,'2018-12-28 06:12:36','2018-12-27 21:12:36'),(291,24,'update_user',18,'varchar','varchar(50)',50,0,0,NULL,'','更新者',8,0,NULL,NULL,'2018-12-28 06:12:36','2018-12-27 21:12:36'),(292,24,'ip_addr',19,'varchar','varchar(40)',40,0,0,NULL,'','IPアドレス',9,0,NULL,NULL,'2018-12-28 06:12:36','2018-12-27 21:12:36'),(293,24,'created',20,'datetime','datetime',0,0,0,NULL,'','生成日時',10,0,NULL,NULL,'2018-12-28 06:12:36','2018-12-27 21:12:36'),(294,24,'modified',21,'timestamp','timestamp',0,0,0,'CURRENT_TIMESTAMP','on update CURRENT_TIMESTAMP','更新日',11,0,NULL,NULL,'2018-12-28 06:12:36','2018-12-27 21:12:36'),(295,25,'id',22,'int','int(11)',11,1,1,NULL,'auto_increment','id',1,0,NULL,NULL,'2019-01-17 13:14:07','2019-01-17 04:14:07'),(296,25,'site_name',2,'varchar','varchar(255)',255,0,0,NULL,'','現場名',2,0,NULL,NULL,'2019-01-17 13:14:07','2019-01-17 04:14:07'),(297,25,'sort_no',17,'int','int(11)',11,0,0,'0','','順番',4,0,NULL,NULL,'2019-01-17 13:14:07','2019-01-17 04:14:07'),(298,25,'delete_flg',12,'tinyint','tinyint(1)',1,0,0,'0','','無効フラグ',5,0,NULL,NULL,'2019-01-17 13:14:07','2019-01-17 04:14:07'),(299,25,'update_user',18,'varchar','varchar(50)',50,0,0,NULL,'','更新者',6,0,NULL,NULL,'2019-01-17 13:14:07','2019-01-17 04:14:07'),(300,25,'ip_addr',19,'varchar','varchar(40)',40,0,0,NULL,'','IPアドレス',7,0,NULL,NULL,'2019-01-17 13:14:07','2019-01-17 04:14:07'),(301,25,'created',20,'datetime','datetime',0,0,0,NULL,'','生成日時',8,0,NULL,NULL,'2019-01-17 13:14:07','2019-01-17 04:14:07'),(302,25,'modified',21,'timestamp','timestamp',0,0,0,'CURRENT_TIMESTAMP','on update CURRENT_TIMESTAMP','更新日',9,0,NULL,NULL,'2019-01-17 13:14:07','2019-01-17 04:14:07'),(303,25,'note',2,'varchar','varchar(1000)',1000,0,0,NULL,'','備考',3,0,NULL,NULL,'2019-01-17 13:14:07','2019-01-17 04:14:07'),(304,26,'id',22,'int','int(11)',11,1,1,NULL,'auto_increment','id',1,0,NULL,NULL,'2019-01-17 16:48:03','2019-01-17 07:48:03'),(306,26,'note',2,'varchar','varchar(1000)',1000,0,0,NULL,'','備考',3,0,NULL,NULL,'2019-01-17 16:48:03','2019-01-17 07:48:03'),(307,26,'sort_no',17,'int','int(11)',11,0,0,'0','','順番',4,0,NULL,NULL,'2019-01-17 16:48:03','2019-01-17 07:48:03'),(308,26,'delete_flg',12,'tinyint','tinyint(1)',1,0,0,'0','','無効フラグ',5,0,NULL,NULL,'2019-01-17 16:48:03','2019-01-17 07:48:03'),(309,26,'update_user',18,'varchar','varchar(50)',50,0,0,NULL,'','更新者',6,0,NULL,NULL,'2019-01-17 16:48:03','2019-01-17 07:48:03'),(310,26,'ip_addr',19,'varchar','varchar(40)',40,0,0,NULL,'','IPアドレス',7,0,NULL,NULL,'2019-01-17 16:48:03','2019-01-17 07:48:03'),(311,26,'created',20,'datetime','datetime',0,0,0,NULL,'','生成日時',8,0,NULL,NULL,'2019-01-17 16:48:03','2019-01-17 07:48:03'),(312,26,'modified',21,'timestamp','timestamp',0,0,0,'CURRENT_TIMESTAMP','on update CURRENT_TIMESTAMP','更新日',9,0,NULL,NULL,'2019-01-17 16:48:03','2019-01-17 07:48:03'),(313,26,'work_category_name',2,'varchar','varchar(255)',255,0,0,NULL,'','作業カテゴリ名',2,0,NULL,NULL,'2019-01-17 16:48:03','2019-01-17 07:48:03'),(314,27,'id',22,'int','int(11)',11,1,1,NULL,'auto_increment','id',1,0,NULL,NULL,'2019-01-17 17:22:58','2019-01-17 08:22:58'),(315,27,'work_date',15,'date','date',0,1,0,'','','作業日',2,0,'kani','::1','2019-01-17 17:22:58','2019-01-17 08:23:18'),(316,27,'site_id',27,'int','int(11)',11,0,0,'0','','現場',3,0,NULL,NULL,'2019-01-17 17:22:58','2019-01-17 08:22:58'),(317,27,'site_img_fn',28,'varchar','varchar(255)',255,0,0,NULL,'','現場写真',4,0,NULL,NULL,'2019-01-17 17:22:58','2019-01-17 08:22:58'),(318,27,'work_note',3,'text','text',0,0,0,NULL,'','作業内容',5,0,NULL,NULL,'2019-01-17 17:22:58','2019-01-17 08:22:58'),(319,27,'work_category_id',27,'int','int(11)',11,0,0,'0','','作業カテゴリ',6,0,NULL,NULL,'2019-01-17 17:22:58','2019-01-17 08:22:58'),(320,27,'check_flg',13,'tinyint','tinyint(4)',4,0,0,'0','','確認フラグ',7,0,NULL,NULL,'2019-01-17 17:22:58','2019-01-17 08:22:58'),(321,27,'sort_no',17,'int','int(11)',11,0,0,'0','','順番',8,0,NULL,NULL,'2019-01-17 17:22:58','2019-01-17 08:22:58'),(322,27,'delete_flg',12,'tinyint','tinyint(1)',1,0,0,'0','','無効フラグ',9,0,NULL,NULL,'2019-01-17 17:22:58','2019-01-17 08:22:58'),(323,27,'update_user',18,'varchar','varchar(50)',50,0,0,NULL,'','更新者',10,0,NULL,NULL,'2019-01-17 17:22:58','2019-01-17 08:22:58'),(324,27,'ip_addr',19,'varchar','varchar(40)',40,0,0,NULL,'','IPアドレス',11,0,NULL,NULL,'2019-01-17 17:22:58','2019-01-17 08:22:58'),(325,27,'created',20,'datetime','datetime',0,0,0,NULL,'','生成日時',12,0,NULL,NULL,'2019-01-17 17:22:58','2019-01-17 08:22:58'),(326,27,'modified',21,'timestamp','timestamp',0,0,0,'CURRENT_TIMESTAMP','on update CURRENT_TIMESTAMP','更新日',13,0,NULL,NULL,'2019-01-17 17:22:58','2019-01-17 08:22:58'),(327,28,'id',22,'int','int(10) unsigned',10,1,1,NULL,'auto_increment','ID',1,0,NULL,NULL,'2019-01-17 19:44:00','2019-01-17 10:44:00'),(328,28,'username',2,'varchar','varchar(50)',50,0,0,NULL,'','ユーザー名',2,0,NULL,NULL,'2019-01-17 19:44:00','2019-01-17 10:44:00'),(329,28,'password',29,'varchar','varchar(50)',50,0,0,NULL,'','パスワード',3,0,NULL,NULL,'2019-01-17 19:44:00','2019-01-17 10:44:00'),(330,28,'role',30,'varchar','varchar(20)',20,0,0,NULL,'','権限',4,0,NULL,NULL,'2019-01-17 19:44:00','2019-01-17 10:44:00'),(331,28,'sort_no',17,'int','int(11)',11,0,0,'0','','順番',5,0,NULL,NULL,'2019-01-17 19:44:00','2019-01-17 10:44:00'),(332,28,'delete_flg',12,'tinyint','tinyint(4)',4,0,0,'0','','削除フラグ',6,0,NULL,NULL,'2019-01-17 19:44:00','2019-01-17 10:44:00'),(333,28,'update_user',18,'varchar','varchar(50)',50,0,0,NULL,'','更新ユーザー',7,0,NULL,NULL,'2019-01-17 19:44:00','2019-01-17 10:44:00'),(334,28,'ip_addr',19,'varchar','varchar(40)',40,0,0,NULL,'','更新IPアドレス',8,0,NULL,NULL,'2019-01-17 19:44:00','2019-01-17 10:44:00'),(335,28,'created',20,'datetime','datetime',0,0,0,NULL,'','作成日時',9,0,NULL,NULL,'2019-01-17 19:44:00','2019-01-17 10:44:00'),(336,28,'modified',21,'datetime','datetime',0,0,0,NULL,'','更新日時',10,0,NULL,NULL,'2019-01-17 19:44:00','2019-01-17 10:44:00'),(337,29,'id',22,'int','int(11)',11,1,1,NULL,'auto_increment','id',1,0,NULL,NULL,'2019-01-23 16:02:48','2019-01-23 07:02:48'),(338,29,'bdataid',2,'varchar','varchar(16)',16,0,0,NULL,'','物件ID1',2,0,NULL,NULL,'2019-01-23 16:02:48','2019-01-23 07:02:48'),(339,29,'main_cd',2,'varchar','varchar(50)',50,0,0,NULL,'','物件区分',3,0,NULL,NULL,'2019-01-23 16:02:48','2019-01-23 07:02:48'),(340,29,'sid',2,'varchar','varchar(16)',16,0,0,NULL,'','物件ID2',4,0,NULL,NULL,'2019-01-23 16:02:48','2019-01-23 07:02:48'),(341,29,'vender_id',7,'varchar','varchar(16)',16,0,0,NULL,'','ベンダーID',5,0,NULL,NULL,'2019-01-23 16:02:48','2019-01-23 07:02:48'),(342,29,'vender_bno',2,'varchar','varchar(16)',16,0,0,NULL,'','物件管理番号',6,0,NULL,NULL,'2019-01-23 16:02:48','2019-01-23 07:02:48'),(343,29,'bcode',4,'int','int(11)',11,0,0,'0','','物件種別',7,0,'kani','::1','2019-01-23 16:02:48','2019-01-23 07:03:05'),(344,29,'bname',2,'varchar','varchar(50)',50,0,0,NULL,'','物件種別名1',8,0,NULL,NULL,'2019-01-23 16:02:48','2019-01-23 07:02:48'),(345,29,'sname',2,'varchar','varchar(50)',50,0,0,NULL,'','物件種別名2',9,0,NULL,NULL,'2019-01-23 16:02:48','2019-01-23 07:02:48'),(346,29,'jiscode',2,'varchar','varchar(16)',16,0,0,NULL,'','物件地域コード',10,0,NULL,NULL,'2019-01-23 16:02:48','2019-01-23 07:02:48'),(347,29,'zipcode',2,'varchar','varchar(8)',8,0,0,NULL,'','物件郵便番号',11,0,NULL,NULL,'2019-01-23 16:02:48','2019-01-23 07:02:48'),(348,29,'prefecture',2,'varchar','varchar(4)',4,0,0,NULL,'','物件所在地県',12,0,NULL,NULL,'2019-01-23 16:02:48','2019-01-23 07:02:48'),(349,29,'city_name',2,'varchar','varchar(50)',50,0,0,NULL,'','物件所在地市町村',13,0,NULL,NULL,'2019-01-23 16:02:48','2019-01-23 07:02:48'),(350,29,'address1',2,'varchar','varchar(50)',50,0,0,NULL,'','物件所在地地名',14,0,NULL,NULL,'2019-01-23 16:02:48','2019-01-23 07:02:48'),(351,29,'address3',2,'varchar','varchar(100)',100,0,0,NULL,'','物件所在地地番',15,0,NULL,NULL,'2019-01-23 16:02:48','2019-01-23 07:02:48'),(352,29,'kakaku_amt',24,'double','double',0,0,0,'0','','価格（円）',16,0,NULL,NULL,'2019-01-23 16:02:48','2019-01-23 07:02:48'),(353,29,'torihiki_cd',2,'varchar','varchar(50)',50,0,0,NULL,'','取引態様',17,0,NULL,NULL,'2019-01-23 16:02:48','2019-01-23 07:02:48'),(354,29,'tochi_keisoku_cd',2,'varchar','varchar(50)',50,0,0,NULL,'','土地測量方法',18,0,NULL,NULL,'2019-01-23 16:02:48','2019-01-23 07:02:48'),(355,29,'tochi_men_m2',24,'float','float',0,0,0,'0','','土地面積平米',19,0,NULL,NULL,'2019-01-23 16:02:48','2019-01-23 07:02:48'),(356,29,'tochi_men_tsubo',24,'float','float',0,0,0,'0','','土地面積坪',20,0,NULL,NULL,'2019-01-23 16:02:48','2019-01-23 07:02:48'),(357,29,'menseki_m2',24,'float','float',0,0,0,'0','','建物面積平米',21,0,NULL,NULL,'2019-01-23 16:02:48','2019-01-23 07:02:48'),(358,29,'menseki_tsubo',24,'float','float',0,0,0,'0','','建物面積坪',22,0,NULL,NULL,'2019-01-23 16:02:48','2019-01-23 07:02:48'),(359,29,'kozo_cd',2,'varchar','varchar(50)',50,0,0,NULL,'','構造',23,0,NULL,NULL,'2019-01-23 16:02:48','2019-01-23 07:02:48'),(360,29,'floor_chijo',4,'int','int(11)',11,0,0,'0','','階建',24,0,'kani','::1','2019-01-23 16:02:48','2019-01-23 07:03:33'),(361,29,'floor_chika',2,'varchar','varchar(50)',50,0,0,NULL,'','地下',25,0,NULL,NULL,'2019-01-23 16:02:48','2019-01-23 07:02:48'),(362,29,'chiku_yyyy',2,'varchar','varchar(4)',4,0,0,NULL,'','完成年',26,0,NULL,NULL,'2019-01-23 16:02:48','2019-01-23 07:02:48'),(363,29,'chiku_mm',2,'varchar','varchar(2)',2,0,0,NULL,'','完成月',27,0,NULL,NULL,'2019-01-23 16:02:48','2019-01-23 07:02:48'),(364,29,'room_count',2,'varchar','varchar(16)',16,0,0,NULL,'','間取1',28,0,NULL,NULL,'2019-01-23 16:02:48','2019-01-23 07:02:48'),(365,29,'madori_cd',2,'varchar','varchar(16)',16,0,0,NULL,'','間取2',29,0,NULL,NULL,'2019-01-23 16:02:48','2019-01-23 07:02:48'),(366,29,'chimoku_cd',2,'varchar','varchar(16)',16,0,0,NULL,'','地目',30,0,NULL,NULL,'2019-01-23 16:02:48','2019-01-23 07:02:48'),(367,29,'hikiwatashi_cd',2,'varchar','varchar(50)',50,0,0,NULL,'','引渡：コード',31,0,NULL,NULL,'2019-01-23 16:02:48','2019-01-23 07:02:48'),(368,29,'hikiwatashi_yyyy',2,'varchar','varchar(4)',4,0,0,NULL,'','引渡：年',32,0,NULL,NULL,'2019-01-23 16:02:48','2019-01-23 07:02:48'),(369,29,'hikiwatashi_mm',2,'varchar','varchar(2)',2,0,0,NULL,'','引渡：月',33,0,NULL,NULL,'2019-01-23 16:02:48','2019-01-23 07:02:48'),(370,29,'hikiwatashi_dd',2,'varchar','varchar(2)',2,0,0,NULL,'','引渡：日',34,0,NULL,NULL,'2019-01-23 16:02:48','2019-01-23 07:02:48'),(371,29,'hikiwatashi_shun_cd',2,'varchar','varchar(50)',50,0,0,NULL,'','引渡：旬',35,0,NULL,NULL,'2019-01-23 16:02:48','2019-01-23 07:02:48'),(372,29,'parking_cd',2,'varchar','varchar(16)',16,0,0,NULL,'','駐車場',36,0,NULL,NULL,'2019-01-23 16:02:48','2019-01-23 07:02:48'),(373,29,'pr_biko1',2,'varchar','varchar(300)',300,0,0,NULL,'','PR1',37,0,NULL,NULL,'2019-01-23 16:02:48','2019-01-23 07:02:48'),(374,29,'pr_biko2',2,'varchar','varchar(300)',300,0,0,NULL,'','PR2',38,0,NULL,NULL,'2019-01-23 16:02:48','2019-01-23 07:02:48'),(375,29,'open_date',14,'datetime','datetime',0,0,0,NULL,'','最終更新',39,0,NULL,NULL,'2019-01-23 16:02:48','2019-01-23 07:02:48'),(376,29,'close_date',14,'datetime','datetime',0,0,0,NULL,'','公開制御',40,0,NULL,NULL,'2019-01-23 16:02:48','2019-01-23 07:02:48'),(377,29,'sho_name',2,'varchar','varchar(50)',50,0,0,NULL,'','小学校',41,0,NULL,NULL,'2019-01-23 16:02:48','2019-01-23 07:02:48'),(378,29,'sho_kyori',24,'int','int(11)',11,0,0,'0','','小学校距離',42,0,NULL,NULL,'2019-01-23 16:02:48','2019-01-23 07:02:48'),(379,29,'chu_name',2,'varchar','varchar(50)',50,0,0,NULL,'','中学校',43,0,NULL,NULL,'2019-01-23 16:02:48','2019-01-23 07:02:48'),(380,29,'chu_kyori',24,'int','int(11)',11,0,0,'0','','中学校距離',44,0,NULL,NULL,'2019-01-23 16:02:48','2019-01-23 07:02:48'),(381,29,'ins_date',14,'datetime','datetime',0,0,0,NULL,'','登録日',45,0,NULL,NULL,'2019-01-23 16:02:48','2019-01-23 07:02:48'),(382,29,'lat',24,'double','double',0,0,0,'0','','Googlemap緯度',46,0,NULL,NULL,'2019-01-23 16:02:48','2019-01-23 07:02:48'),(383,29,'lng',24,'double','double',0,0,0,'0','','Googlemap経度',47,0,NULL,NULL,'2019-01-23 16:02:48','2019-01-23 07:02:48'),(384,29,'biko1',2,'varchar','varchar(1000)',1000,0,0,NULL,'','備考',48,0,NULL,NULL,'2019-01-23 16:02:48','2019-01-23 07:02:48'),(385,29,'parking_text',2,'varchar','varchar(300)',300,0,0,NULL,'','駐車場テキスト',49,0,NULL,NULL,'2019-01-23 16:02:48','2019-01-23 07:02:48'),(386,29,'yuken_cd',2,'varchar','varchar(16)',16,0,0,NULL,'','湯権',50,0,NULL,NULL,'2019-01-23 16:02:48','2019-01-23 07:02:48'),(387,29,'yuken_amt',24,'double','double',0,0,0,'0','','湯権価格',51,0,NULL,NULL,'2019-01-23 16:02:48','2019-01-23 07:02:48'),(388,29,'gesui_cd',2,'varchar','varchar(50)',50,0,0,NULL,'','下水道',52,0,NULL,NULL,'2019-01-23 16:02:48','2019-01-23 07:02:48'),(389,29,'sv_lat',24,'double','double',0,0,0,'0','','Googlestreetview緯度',53,0,NULL,NULL,'2019-01-23 16:02:48','2019-01-23 07:02:48'),(390,29,'sv_lng',24,'double','double',0,0,0,'0','','Googlestreetview経度',54,0,NULL,NULL,'2019-01-23 16:02:48','2019-01-23 07:02:48'),(391,29,'area_kubun',2,'varchar','varchar(16)',16,0,0,NULL,'','エリア区分',55,0,NULL,NULL,'2019-01-23 16:02:48','2019-01-23 07:02:48'),(392,29,'vender_name',2,'varchar','varchar(50)',50,0,0,NULL,'','ベンダー名',56,0,NULL,NULL,'2019-01-23 16:02:48','2019-01-23 07:02:48'),(393,29,'zip',2,'varchar','varchar(8)',8,0,0,NULL,'','ベンダー郵便番号',57,0,NULL,NULL,'2019-01-23 16:02:48','2019-01-23 07:02:48'),(394,29,'add1',2,'varchar','varchar(4)',4,0,0,NULL,'','ベンダー所在地県',58,0,NULL,NULL,'2019-01-23 16:02:48','2019-01-23 07:02:48'),(395,29,'add2',2,'varchar','varchar(50)',50,0,0,NULL,'','ベンダー所在地市町村',59,0,NULL,NULL,'2019-01-23 16:02:48','2019-01-23 07:02:48'),(396,29,'add3',2,'varchar','varchar(100)',100,0,0,NULL,'','ベンダー所在地地名地番',60,0,NULL,NULL,'2019-01-23 16:02:48','2019-01-23 07:02:48'),(397,29,'add4',2,'varchar','varchar(100)',100,0,0,NULL,'','ベンダー部署',61,0,NULL,NULL,'2019-01-23 16:02:48','2019-01-23 07:02:48'),(398,29,'tel',2,'varchar','varchar(16)',16,0,0,NULL,'','ベンダー電話番号',62,0,NULL,NULL,'2019-01-23 16:02:48','2019-01-23 07:02:48'),(399,29,'fax',2,'varchar','varchar(16)',16,0,0,NULL,'','ベンダーFAX番号',63,0,NULL,NULL,'2019-01-23 16:02:48','2019-01-23 07:02:48'),(400,29,'email',2,'varchar','varchar(256)',256,0,0,NULL,'','ベンダーEmail',64,0,NULL,NULL,'2019-01-23 16:02:48','2019-01-23 07:02:48'),(401,29,'holiday',2,'varchar','varchar(50)',50,0,0,NULL,'','ベンダー定休日',65,0,NULL,NULL,'2019-01-23 16:02:48','2019-01-23 07:02:48'),(402,29,'taken1',2,'varchar','varchar(50)',50,0,0,NULL,'','ベンダー宅建免許番号1',66,0,NULL,NULL,'2019-01-23 16:02:48','2019-01-23 07:02:48'),(403,29,'taken2',2,'varchar','varchar(50)',50,0,0,NULL,'','ベンダー宅建免許番号2',67,0,NULL,NULL,'2019-01-23 16:02:48','2019-01-23 07:02:48'),(404,29,'taken3',2,'varchar','varchar(50)',50,0,0,NULL,'','ベンダー宅建免許番号3',68,0,NULL,NULL,'2019-01-23 16:02:48','2019-01-23 07:02:48'),(405,29,'url',2,'varchar','varchar(500)',500,0,0,NULL,'','ベンダーURL',69,0,NULL,NULL,'2019-01-23 16:02:48','2019-01-23 07:02:48'),(406,29,'vender_lat',24,'double','double',0,0,0,'0','','ベンダー緯度',70,0,NULL,NULL,'2019-01-23 16:02:48','2019-01-23 07:02:48'),(407,29,'vender_lng',24,'double','double',0,0,0,'0','','ベンダー経度',71,0,NULL,NULL,'2019-01-23 16:02:48','2019-01-23 07:02:48'),(408,29,'vender_img1',2,'varchar','varchar(500)',500,0,0,NULL,'','ベンダー画像',72,0,NULL,NULL,'2019-01-23 16:02:48','2019-01-23 07:02:48'),(409,29,'pr_title',2,'varchar','varchar(300)',300,0,0,NULL,'','ベンダーPR',73,0,NULL,NULL,'2019-01-23 16:02:48','2019-01-23 07:02:48'),(410,29,'opentime_start',16,'time','time',0,0,0,NULL,'','ベンダー営業開始',74,0,NULL,NULL,'2019-01-23 16:02:48','2019-01-23 07:02:48'),(411,29,'opentime_end',16,'time','time',0,0,0,NULL,'','ベンダー営業終了',75,0,NULL,NULL,'2019-01-23 16:02:48','2019-01-23 07:02:48'),(412,29,'sets',2,'varchar','varchar(300)',300,0,0,NULL,'','物件設備1',76,0,NULL,NULL,'2019-01-23 16:02:48','2019-01-23 07:02:48'),(413,29,'setsubi',2,'varchar','varchar(300)',300,0,0,NULL,'','物件設備2',77,0,NULL,NULL,'2019-01-23 16:02:48','2019-01-23 07:02:48'),(414,29,'line_name',2,'varchar','varchar(100)',100,0,0,NULL,'','電車　線',78,0,NULL,NULL,'2019-01-23 16:02:48','2019-01-23 07:02:48'),(415,29,'station_name',2,'varchar','varchar(100)',100,0,0,NULL,'','電車　駅',79,0,NULL,NULL,'2019-01-23 16:02:48','2019-01-23 07:02:48'),(416,29,'station_walk_m',24,'int','int(11)',11,0,0,'0','','駅：距離m',80,0,NULL,NULL,'2019-01-23 16:02:48','2019-01-23 07:02:48'),(417,29,'station_walk_time',24,'int','int(11)',11,0,0,'0','','駅：徒歩分',81,0,NULL,NULL,'2019-01-23 16:02:48','2019-01-23 07:02:48'),(418,29,'station_car_time',24,'int','int(11)',11,0,0,'0','','駅：車分',82,0,NULL,NULL,'2019-01-23 16:02:48','2019-01-23 07:02:48'),(419,29,'bus_line',2,'varchar','varchar(50)',50,0,0,NULL,'','バス路線',83,0,NULL,NULL,'2019-01-23 16:02:48','2019-01-23 07:02:48'),(420,29,'bus_stop',2,'varchar','varchar(50)',50,0,0,NULL,'','バス停名',84,0,NULL,NULL,'2019-01-23 16:02:48','2019-01-23 07:02:48'),(421,29,'bus_walk_m',24,'int','int(11)',11,0,0,'0','','バス停：距離m',85,0,NULL,NULL,'2019-01-23 16:02:48','2019-01-23 07:02:48'),(422,29,'bus_walk_time',24,'int','int(11)',11,0,0,'0','','バス停：徒歩分',86,0,NULL,NULL,'2019-01-23 16:02:48','2019-01-23 07:02:48'),(423,29,'expressway',2,'varchar','varchar(50)',50,0,0,NULL,'','高速道路名',87,0,NULL,NULL,'2019-01-23 16:02:48','2019-01-23 07:02:48'),(424,29,'expressway_ic',2,'varchar','varchar(50)',50,0,0,NULL,'','高速道路インターチェンジ名',88,0,NULL,NULL,'2019-01-23 16:02:48','2019-01-23 07:02:48'),(425,29,'expressway_ic_car',24,'int','int(11)',11,0,0,'0','','高速道路：車分',89,0,NULL,NULL,'2019-01-23 16:02:48','2019-01-23 07:02:48'),(426,29,'imgfile',2,'varchar','varchar(500)',500,0,0,NULL,'','物件画像名',90,0,NULL,NULL,'2019-01-23 16:02:48','2019-01-23 07:02:48'),(427,29,'imgfile_url',2,'varchar','varchar(500)',500,0,0,NULL,'','物件画像URL',91,0,NULL,NULL,'2019-01-23 16:02:48','2019-01-23 07:02:48'),(428,29,'imgfile_thumurl',2,'varchar','varchar(500)',500,0,0,NULL,'','物件画像サムネイルURL',92,0,NULL,NULL,'2019-01-23 16:02:48','2019-01-23 07:02:48'),(429,29,'xml_text',3,'text','text',0,0,0,NULL,'','XML',93,0,NULL,NULL,'2019-01-23 16:02:48','2019-01-23 07:02:48'),(430,29,'sort_no',17,'int','int(11)',11,0,0,'0','','順番',94,0,NULL,NULL,'2019-01-23 16:02:48','2019-01-23 07:02:48'),(431,29,'delete_flg',12,'tinyint','tinyint(1)',1,0,0,'0','','無効フラグ',95,0,NULL,NULL,'2019-01-23 16:02:48','2019-01-23 07:02:48'),(432,29,'update_user',18,'varchar','varchar(50)',50,0,0,NULL,'','更新者',96,0,NULL,NULL,'2019-01-23 16:02:48','2019-01-23 07:02:48'),(433,29,'ip_addr',19,'varchar','varchar(40)',40,0,0,NULL,'','IPアドレス',97,0,NULL,NULL,'2019-01-23 16:02:48','2019-01-23 07:02:48'),(434,29,'created',20,'datetime','datetime',0,0,0,NULL,'','生成日時',98,0,NULL,NULL,'2019-01-23 16:02:48','2019-01-23 07:02:48'),(435,29,'modified',21,'timestamp','timestamp',0,0,0,'CURRENT_TIMESTAMP','on update CURRENT_TIMESTAMP','更新日',99,0,NULL,NULL,'2019-01-23 16:02:48','2019-01-23 07:02:48');
/*!40000 ALTER TABLE `bulk_makes` ENABLE KEYS */;
UNLOCK TABLES;

--
-- Table structure for table `hina_file_lists`
--

DROP TABLE IF EXISTS `hina_file_lists`;
/*!40101 SET @saved_cs_client     = @@character_set_client */;
/*!40101 SET character_set_client = utf8 */;
CREATE TABLE `hina_file_lists` (
  `id` int(11) NOT NULL AUTO_INCREMENT,
  `hina_file_id` int(11) NOT NULL COMMENT '雛ファイルID',
  `hina_fp` varchar(1024) NOT NULL COMMENT '雛ファイルパス',
  `sort_no` int(11) DEFAULT '0' COMMENT '順番',
  `delete_flg` tinyint(1) DEFAULT '0' COMMENT '無効フラグ',
  `update_user` varchar(50) DEFAULT NULL COMMENT '更新者',
  `ip_addr` varchar(40) DEFAULT NULL COMMENT 'IPアドレス',
  `created` datetime DEFAULT NULL COMMENT '生成日時',
  `modified` timestamp NULL DEFAULT CURRENT_TIMESTAMP ON UPDATE CURRENT_TIMESTAMP COMMENT '更新日',
  PRIMARY KEY (`id`)
) ENGINE=InnoDB AUTO_INCREMENT=9 DEFAULT CHARSET=utf8;
/*!40101 SET character_set_client = @saved_cs_client */;

--
-- Dumping data for table `hina_file_lists`
--

LOCK TABLES `hina_file_lists` WRITE;
/*!40000 ALTER TABLE `hina_file_lists` DISABLE KEYS */;
INSERT INTO `hina_file_lists` VALUES (1,1,'Controller\\XxxController.php',NULL,0,'kani','::1','2018-04-10 16:12:25','2018-04-10 21:20:16'),(2,1,'Model\\Xxx.php',NULL,0,'kani','::1','2018-04-10 16:19:03','2018-04-10 21:20:44'),(3,1,'View\\Xxx\\index.ctp',NULL,0,'kani','::1','2018-04-11 06:21:27','2018-04-10 21:21:27'),(4,1,'webroot\\js\\Xxx\\index.js',NULL,0,'kani','::1','2018-04-11 06:22:29','2018-04-10 21:22:29'),(5,1,'webroot\\css\\Xxx\\index.css',NULL,0,'kani','::1','2018-04-11 06:22:54','2018-04-10 21:47:22'),(6,1,'Controller/Component/XxxFrontAComponent.php',1,0,'kani','::1','2018-10-05 10:38:48','2018-10-05 01:38:48'),(7,1,'View/Xxx/front_a.ctp',2,0,'kani','::1','2018-10-05 10:39:00','2018-10-05 01:39:00'),(8,1,'webroot/css/Xxx/front_a.css',3,0,'kani','::1','2018-10-05 10:39:11','2018-10-05 01:39:11');
/*!40000 ALTER TABLE `hina_file_lists` ENABLE KEYS */;
UNLOCK TABLES;

--
-- Table structure for table `hina_files`
--

DROP TABLE IF EXISTS `hina_files`;
/*!40101 SET @saved_cs_client     = @@character_set_client */;
/*!40101 SET character_set_client = utf8 */;
CREATE TABLE `hina_files` (
  `id` int(11) NOT NULL AUTO_INCREMENT,
  `hina_file_name` varchar(255) DEFAULT NULL COMMENT '雛ファイル名',
  `sort_no` int(11) DEFAULT '0' COMMENT '順番',
  `delete_flg` tinyint(1) DEFAULT '0' COMMENT '無効フラグ',
  `update_user` varchar(50) DEFAULT NULL COMMENT '更新者',
  `ip_addr` varchar(40) DEFAULT NULL COMMENT 'IPアドレス',
  `created` datetime DEFAULT NULL COMMENT '生成日時',
  `modified` timestamp NULL DEFAULT CURRENT_TIMESTAMP ON UPDATE CURRENT_TIMESTAMP COMMENT '更新日',
  PRIMARY KEY (`id`)
) ENGINE=InnoDB AUTO_INCREMENT=2 DEFAULT CHARSET=utf8;
/*!40101 SET character_set_client = @saved_cs_client */;

--
-- Dumping data for table `hina_files`
--

LOCK TABLES `hina_files` WRITE;
/*!40000 ALTER TABLE `hina_files` DISABLE KEYS */;
INSERT INTO `hina_files` VALUES (1,'テスト1',NULL,0,'kani','::1','2018-04-10 14:36:24','2018-04-10 05:36:25');
/*!40000 ALTER TABLE `hina_files` ENABLE KEYS */;
UNLOCK TABLES;

--
-- Table structure for table `hinagatas`
--

DROP TABLE IF EXISTS `hinagatas`;
/*!40101 SET @saved_cs_client     = @@character_set_client */;
/*!40101 SET character_set_client = utf8 */;
CREATE TABLE `hinagatas` (
  `id` int(11) NOT NULL AUTO_INCREMENT,
  `hina_code` varchar(64) NOT NULL COMMENT '雛型コード',
  `type_a` int(11) DEFAULT NULL COMMENT 'タイプA',
  `hinagata` text NOT NULL COMMENT '雛型',
  `sort_no` int(11) DEFAULT '0' COMMENT '順番',
  `delete_flg` tinyint(1) DEFAULT '0' COMMENT '無効フラグ',
  `update_user` varchar(50) DEFAULT NULL COMMENT '更新者',
  `ip_addr` varchar(40) DEFAULT NULL COMMENT 'IPアドレス',
  `created` datetime DEFAULT NULL COMMENT '生成日時',
  `modified` timestamp NULL DEFAULT CURRENT_TIMESTAMP ON UPDATE CURRENT_TIMESTAMP COMMENT '更新日',
  PRIMARY KEY (`id`)
) ENGINE=InnoDB AUTO_INCREMENT=115 DEFAULT CHARSET=utf8;
/*!40101 SET character_set_client = @saved_cs_client */;

--
-- Dumping data for table `hinagatas`
--

LOCK TABLES `hinagatas` WRITE;
/*!40000 ALTER TABLE `hinagatas` DISABLE KEYS */;
INSERT INTO `hinagatas` VALUES (1,'1000',1,'			array(\'name\'=>\'kj_%field_s\',\'def\'=>null),',2,0,'kani','::1','2018-04-02 22:25:17','2018-04-20 10:52:25'),(2,'1000',12,'			array(\'name\'=>\'kj_%field_s\',\'def\'=>0),',1,0,'kani','::1','2018-04-16 08:37:31','2018-04-20 10:51:20'),(3,'1001',5,'				\'kj_%field_s\' => array(\n						\'custom\'=>array(\n								\'rule\' => array( \'custom\', \'/^[-]?[0-9]+$/\' ),\n								\'message\' => \'%commentは整数を入力してください。\',\n								\'allowEmpty\' => true\n						),\n				),',7,0,'kani','::1','2018-04-17 07:44:05','2018-10-10 14:23:59'),(4,'1001',6,'				\'kj_%field_s\' => array(\n						\'naturalNumber\'=>array(\n								\'rule\' => array(\'naturalNumber\', true),\n								\'message\' => \'%commentは数値を入力してください\',\n								\'allowEmpty\' => true\n						),\n				),',6,0,'kani','::1','2018-04-17 10:05:42','2018-04-21 03:14:39'),(5,'1001',2,'				\'kj_%field_s\'=> array(\n						\'maxLength\'=>array(\n								\'rule\' => array(\'maxLength\', 255),\n								\'message\' => \'%commentは%type_long文字以内で入力してください\',\n								\'allowEmpty\' => true\n						),\n				),',5,0,'kani','::1','2018-04-20 11:23:06','2018-04-21 03:11:31'),(6,'1001',14,'				\'kj_%field_s\'=> array(\n						\'maxLength\'=>array(\n								\'rule\' => array(\'maxLength\', 20),\n								\'message\' => \'%commentは20文字以内で入力してください\',\n								\'allowEmpty\' => true\n						),\n				),',8,0,'kani','::1','2018-04-20 22:39:52','2018-04-21 03:16:19'),(7,'1002',1,'			\'%field_s\'=>array(\n					\'name\'=>\'%comment\',\n					\'row_order\'=>\'%model_c.%field_s\',\n					\'clm_show\'=>1,\n			),',11,0,'kani','::1','2018-04-20 22:44:28','2018-04-21 03:17:01'),(8,'1002',22,'			\'id\'=>array(\n					\'name\'=>\'ID\',//HTMLテーブルの列名\n					\'row_order\'=>\'%model_c.id\',//SQLでの並び替えコード\n					\'clm_show\'=>1,//デフォルト列表示 0:非表示 1:表示\n			),',12,0,'kani','::1','2018-04-20 22:44:42','2018-04-21 03:17:49'),(9,'1000',24,'			array(\'name\'=>\'kj_%field_s1\',\'def\'=>null),\n			array(\'name\'=>\'kj_%field_s2\',\'def\'=>null),',3,0,'kani','::1','2018-04-20 23:18:54','2018-04-20 21:54:00'),(10,'1000',25,'			array(\'name\'=>\'kj_%field_s1\',\'def\'=>null),\n			array(\'name\'=>\'kj_%field_s2\',\'def\'=>null),',4,0,'kani','::1','2018-04-21 13:26:56','2018-04-21 04:26:56'),(11,'1001',24,'				\'kj_%field_s1\' => array(\n						\'custom\'=>array(\n								\'rule\' => array( \'custom\', \'/^[-]?[0-9]+$/\' ),\n								\'message\' => \'%commentは整数を入力してください。\',\n								\'allowEmpty\' => true\n						),\n				),\n				\'kj_%field_s2\' => array(\n						\'custom\'=>array(\n								\'rule\' => array( \'custom\', \'/^[-]?[0-9]+?$/\' ),\n								\'message\' => \'%commentは整数を入力してください。\',\n								\'allowEmpty\' => true\n						),\n				),',9,0,'naha','::1','2018-04-21 13:31:57','2019-01-25 10:30:46'),(12,'1001',25,'				\'kj_%field_s1\'=> array(\n						\'rule\' => array( \'date\', \'ymd\'),\n						\'message\' => \'%comment【範囲1】は日付形式【yyyy-mm-dd】で入力してください。\',\n						\'allowEmpty\' => true\n				),\n				\'kj_%field_s2\'=> array(\n						\'rule\' => array( \'date\', \'ymd\'),\n						\'message\' => \'%comment【範囲2】は日付形式【yyyy-mm-dd】で入力してください。\',\n						\'allowEmpty\' => true\n				),',10,0,'kani','::1','2018-04-21 13:34:14','2018-04-21 04:34:14'),(13,'1003',1,'		if(!empty($kjs[\'kj_%field_s\'])){\n			$cnds[]=\"%model_c.%field_s = {$kjs[\'kj_%field_s\']}\";\n		}',13,0,'kani','::1','2018-04-21 13:38:27','2018-04-21 04:38:27'),(14,'1003',2,'		if(!empty($kjs[\'kj_%field_s\'])){\n			$cnds[]=\"%model_c.%field_s LIKE \'%{$kjs[\'kj_%field_s\']}%\'\";\n		}',14,0,'kani','::1','2018-04-21 13:41:39','2018-04-21 04:41:39'),(15,'1003',24,'		if(!empty($kjs[\'kj_%field_s1\'])){\n			$cnds[]=\"%model_c.%field_s >= {$kjs[\'kj_%field_s1\']}\";\n		}\n		if(!empty($kjs[\'kj_%field_s2\'])){\n			$cnds[]=\"%model_c.%field_s <= {$kjs[\'kj_%field_s2\']}\";\n		}',15,0,'kani','::1','2018-04-21 22:44:28','2018-04-21 13:44:28'),(16,'1003',25,'		if(!empty($kjs[\'kj_%field_s1\'])){\n			$cnds[]=\"%model_c.%field_s >= \'{$kjs[\'kj_%field_s1\']}\'\";\n		}\n		if(!empty($kjs[\'kj_%field_s2\'])){\n			$cnds[]=\"%model_c.%field_s <= \'{$kjs[\'kj_%field_s2\']}\'\";\n		}',16,0,'kani','::1','2018-04-21 22:45:43','2018-04-21 13:45:43'),(17,'1003',14,'		if(!empty($kjs[\'kj_%field_s\'])){\n			$kj_%field_s = $kjs[\'kj_%field_s\'];\n			$dtInfo = $this->CrudBase->guessDatetimeInfo($kj_%field_s);\n			$cnds[]=\"DATE_FORMAT(%model_c.%field_s,\'{$dtInfo[\'format_mysql_a\']}\') = DATE_FORMAT(\'{$dtInfo[\'datetime_b\']}\',\'{$dtInfo[\'format_mysql_a\']}\')\";\n		}',17,0,'kani','::1','2018-04-21 22:48:20','2018-04-21 13:48:20'),(18,'1003',5,'		if(!empty($kjs[\'kj_%field_s\']) || $kjs[\'kj_%field_s\'] ===\'0\' || $kjs[\'kj_%field_s\'] ===0){\n			$cnds[]=\"%model_c.%field_s = {$kjs[\'kj_%field_s\']}\";\n		}',18,0,'kani','::1','2018-04-21 22:49:53','2018-04-21 13:49:53'),(19,'1003',12,'		$kj_delete_flg = $kjs[\'kj_delete_flg\'];\n		if(!empty($kjs[\'kj_delete_flg\']) || $kjs[\'kj_delete_flg\'] ===\'0\' || $kjs[\'kj_delete_flg\'] ===0){\n			if($kjs[\'kj_delete_flg\'] != -1){\n			   $cnds[]=\"%model_c.delete_flg = {$kjs[\'kj_delete_flg\']}\";\n			}\n		}',19,0,'kani','::1','2018-04-21 22:50:33','2018-04-21 14:27:03'),(20,'1003',26,'		if(!empty($kjs[\'kj_%field_s\'])){\n			$kj_%field_s=$kjs[\'kj_%field_s\'].\' 00:00:00\';\n			$cnds[]=\"%model_c.%field_s >= \'{$kj_%field_s}\'\";\n		}',20,0,'kani','::1','2018-04-21 22:53:51','2018-04-21 13:53:51'),(21,'1004',1,'		$this->CrudBase->inputKjText($kjs,\'kj_%field_s\',\'%comment\');',21,0,'kani','::1','2018-04-21 23:36:52','2018-04-21 14:36:52'),(22,'1004',24,'		$this->CrudBase->inputKjNumRange($kjs,\'%field_s\',\'%comment\');',22,0,'naha','::1','2018-04-21 23:42:45','2019-01-25 12:19:43'),(23,'1004',25,'		$this->CrudBase->inputKjMoDateRng($kjs,\'kj_%field_s\',\'%comment\');',23,0,'kani','::1','2018-04-21 23:44:33','2018-04-21 14:44:33'),(24,'1004',27,'		$this->CrudBase->inputKjSelect($kjs,\'kj_%field_s\',\'%comment\',$%field_lccList); ',24,0,'kani','::1','2018-04-22 08:30:27','2018-09-02 21:56:18'),(25,'1004',22,'		$this->CrudBase->inputKjId($kjs);',25,0,'kani','::1','2018-04-22 08:32:26','2018-04-21 23:32:26'),(26,'1004',17,'		$this->CrudBase->inputKjHidden($kjs,\'kj_sort_no\');',26,0,'kani','::1','2018-04-22 08:33:01','2018-04-21 23:33:01'),(27,'1004',12,'		$this->CrudBase->inputKjDeleteFlg($kjs);',27,0,'kani','::1','2018-04-22 08:33:29','2018-04-21 23:33:30'),(28,'1004',20,'		$this->CrudBase->inputKjCreated($kjs);',28,0,'kani','::1','2018-04-22 08:35:40','2018-04-21 23:35:40'),(29,'1004',21,'		$this->CrudBase->inputKjModified($kjs);',29,0,'kani','::1','2018-04-22 08:36:00','2018-04-21 23:36:00'),(30,'1005',1,'	$this->CrudBase->tdPlain($ent,\'%field_s\');',30,0,'kani','::1','2018-04-22 12:44:54','2018-04-22 03:44:54'),(31,'1005',22,'	$this->CrudBase->tdId($ent,\'id\',array(\'checkbox_name\'=>\'pwms\'));',31,0,'kani','::1','2018-04-22 12:45:49','2018-04-22 03:45:49'),(32,'1005',9,'	$this->CrudBase->tdMoney($ent,\'%field_s\');',32,0,'kani','::1','2018-04-22 12:46:41','2018-04-22 03:46:41'),(33,'1005',2,'	$this->CrudBase->tdStr($ent,\'%field_s\');',33,0,'kani','::1','2018-04-22 12:48:38','2018-04-22 03:48:38'),(34,'1005',27,'	$this->CrudBase->tdList($ent,\'%field_s\',$%field_lccList);',34,0,'kani','::1','2018-04-22 12:49:32','2018-04-22 03:52:26'),(35,'1005',3,'	$this->CrudBase->tdNote($ent,\'%field_s\');',35,0,'kani','::1','2018-04-22 12:50:26','2018-04-22 03:50:26'),(36,'1005',12,'	$this->CrudBase->tdDeleteFlg($ent,\'delete_flg\');',36,0,'kani','::1','2018-04-22 12:51:02','2018-04-22 03:51:02'),(37,'1006',1,'		<div class=\"cbf_inp_wrap\">\n			<div class=\'cbf_inp\' >%comment: </div>\n			<div class=\'cbf_input\'>\n				<input type=\"text\" name=\"%field_s\" class=\"valid \" value=\"\"  maxlength=\"%type_long\" title=\"%type_long文字以内で入力してください\" />\n				<label class=\"text-danger\" for=\"%field_s\"></label>\n			</div>\n		</div>\n',37,0,'kani','::1','2018-04-22 14:02:09','2018-10-21 14:18:02'),(38,'1006',6,'		<div class=\"cbf_inp_wrap\">\n			<div class=\'cbf_inp_label\' >%comment: </div>\n			<div class=\'cbf_input\'>\n				<input type=\"text\" name=\"%field_s\" class=\"valid\" value=\"\" pattern=\"^[0-9]+$\" maxlength=\"11\" title=\"数値（自然数）を入力してください\" />\n				<label class=\"text-danger\" for=\"%field_s\" ></label>\n			</div>\n		</div>\n',38,0,'kani','::1','2018-04-22 14:21:15','2018-10-21 14:23:43'),(39,'1007',15,'		<tr><td>%comment: </td><td>\n			<input type=\"text\" name=\"%field_s\" class=\"valid\" value=\"\"  pattern=\"([0-9]{4})(/|-)([0-9]{1,2})(/|-)([0-9]{1,2})\" title=\"日付形式（Y-m-d）で入力してください(例：2012-12-12)\" />\n			<label class=\"text-danger\" for=\"%field_s\"></label>\n		</td></tr>\n',39,1,'kani','::1','2018-04-22 14:24:06','2018-04-28 22:12:47'),(40,'1006',27,'		<div class=\"cbf_inp_wrap\">\n			<div class=\'cbf_inp_label\' >%comment: </div>\n			<div class=\'cbf_input\'>\n				<?php $this->CrudBase->selectX(\'%field_s\',null,$%field_lccList,null);?>\n				<label class=\"text-danger\" for=\"%field_s\"></label>\n			</div>\n		</div>\n',40,0,'kani','::1','2018-04-22 16:38:09','2018-10-21 14:25:31'),(41,'1006',14,'		<div class=\"cbf_inp_wrap\">\n			<div class=\'cbf_inp_label\' >%comment: </div>\n			<div class=\'cbf_input\'>\n				<input type=\"text\" name=\"%field_s\" class=\"valid \" value=\"\"  pattern=\"([0-9]{4})(/|-)([0-9]{1,2})(/|-)([0-9]{1,2}) [0-9]{1,2}:[0-9]{1,2}:[0-9]{1,2}\" title=\"日時形式（Y-m-d H:i:s）で入力してください(例：2012-12-12 12:12:12)\" />\n				<label class=\"text-danger\" for=\"%field_s\"></label>\n			</div>\n		</div>',41,0,'kani','::1','2018-04-22 16:40:33','2018-10-21 14:29:46'),(42,'1006',3,'		<div class=\"cbf_inp_wrap_long\">\n			<div class=\'cbf_inp_label\' >%comment： </div>\n			<div class=\'cbf_input\'>\n				<textarea name=\"%field_s\" maxlength=\"1000\" title=\"1000文字以内で入力してください\" style=\"height:100px;width:100%\"></textarea>\n				<label class=\"text-danger\" for=\"%field_s\"></label>\n			</div>\n		</div>',43,0,'kani','::1','2018-04-22 16:51:35','2018-10-21 14:35:03'),(43,'1006',22,'',44,0,'kani','::1','2018-04-22 16:54:24','2018-04-22 07:54:24'),(44,'1006',5,'		<div class=\"cbf_inp_wrap\">\n			<div class=\'cbf_inp_label\' >%comment: </div>\n			<div class=\'cbf_input\'>\n				<input type=\"text\" name=\"%field_s\" class=\"valid\" value=\"\" pattern=\"^[+-]?[0-9]$\" maxlength=\"11\" title=\"数値（整数数）を入力してください\" />\n				<label class=\"text-danger\" for=\"%field_s\" ></label>\n			</div>\n		</div>',45,0,'kani','::1','2018-04-23 15:55:07','2018-10-21 14:39:44'),(45,'1006',10,'		<div class=\"cbf_inp_wrap\">\n			<div class=\'cbf_inp_label\' >%comment: </div>\n			<div class=\'cbf_input\'>\n				<input type=\"text\" name=\"%field_s\" class=\"valid\" value=\"\" pattern=\"^[ -]?([0-9]*[.])?[0-9] $\" maxlength=\"11\" title=\"数値（浮動小数点）を入力してください\" />\n				<label class=\"text-danger\" for=\"%field_s\" ></label>\n			</div>\n		</div>',46,0,'kani','::1','2018-04-23 15:55:56','2018-10-21 14:40:41'),(46,'1006',12,'',47,0,'kani','::1','2018-04-23 15:57:25','2018-04-23 07:09:48'),(47,'1006',17,'',51,0,'kani','::1','2018-04-23 15:58:47','2018-04-23 06:58:47'),(48,'1006',18,'',52,0,'kani','::1','2018-04-23 15:58:53','2018-04-23 06:58:53'),(49,'1006',19,'',53,0,'kani','::1','2018-04-23 15:59:00','2018-04-23 06:59:00'),(50,'1006',26,'',54,0,'kani','::1','2018-04-23 15:59:10','2018-04-23 06:59:10'),(51,'1007',22,'			<div class=\"cbf_inp_wrap\">\n				<div class=\'cbf_inp\' >ID: </div>\n				<div class=\'cbf_input\'>\n					<span class=\"id\"></span>\n				</div>\n			</div>',55,1,'kani','::1','2018-04-23 16:06:09','2018-10-21 15:09:27'),(52,'1007',12,'			<div class=\"cbf_inp_wrap\">\n				<div class=\'cbf_inp_label\' >%comment：</div>\n				<div class=\'cbf_input\'>\n					<input type=\"checkbox\" name=\"%field_s\" class=\"valid\"  />\n				</div>\n			</div>\n			',56,0,'kani','::1','2018-04-23 16:09:40','2018-10-21 15:02:19'),(53,'1007',1,'		<div class=\"cbf_inp_wrap\">\n			<div class=\'cbf_inp\' >%comment: </div>\n			<div class=\'cbf_input\'>\n				<input type=\"text\" name=\"%field_s\" class=\"valid \" value=\"\"  maxlength=\"%type_long\" title=\"%type_long文字以内で入力してください\" />\n				<label class=\"text-danger\" for=\"%field_s\"></label>\n			</div>\n		</div>\n\n',57,0,'kani','::1','2018-04-23 16:10:14','2018-10-21 15:03:00'),(54,'1007',6,'		<div class=\"cbf_inp_wrap\">\n			<div class=\'cbf_inp_label\' >%comment: </div>\n			<div class=\'cbf_input\'>\n				<input type=\"text\" name=\"%field_s\" class=\"valid\" value=\"\" pattern=\"^[0-9]+$\" maxlength=\"11\" title=\"数値（自然数）を入力してください\" />\n				<label class=\"text-danger\" for=\"%field_s\" ></label>\n			</div>\n		</div>\n',59,0,'kani','::1','2018-04-23 16:10:19','2018-10-21 15:05:23'),(55,'1007',27,'		<div class=\"cbf_inp_wrap\">\n			<div class=\'cbf_inp_label\' >%comment: </div>\n			<div class=\'cbf_input\'>\n				<?php $this->CrudBase->selectX(\'%field_s\',null,$%field_lccList,null);?>\n				<label class=\"text-danger\" for=\"%field_s\"></label>\n			</div>\n		</div>\n',60,0,'kani','::1','2018-04-23 16:10:34','2018-10-21 15:05:57'),(56,'1007',14,'		<div class=\"cbf_inp_wrap\">\n			<div class=\'cbf_inp_label\' >%comment: </div>\n			<div class=\'cbf_input\'>\n				<input type=\"text\" name=\"%field_s\" class=\"valid \" value=\"\"  pattern=\"([0-9]{4})(/|-)([0-9]{1,2})(/|-)([0-9]{1,2}) [0-9]{1,2}:[0-9]{1,2}:[0-9]{1,2}\" title=\"日時形式（Y-m-d H:i:s）で入力してください(例：2012-12-12 12:12:12)\" />\n				<label class=\"text-danger\" for=\"%field_s\"></label>\n			</div>\n		</div>\n',61,0,'kani','::1','2018-04-23 16:10:41','2018-10-21 15:07:30'),(57,'1007',3,'		<div class=\"cbf_inp_wrap_long\">\n			<div class=\'cbf_inp_label\' >%comment： </div>\n			<div class=\'cbf_input\'>\n				<textarea name=\"%field_s\" maxlength=\"1000\" title=\"1000文字以内で入力してください\" style=\"height:100px;width:100%\"></textarea>\n				<label class=\"text-danger\" for=\"%field_s\"></label>\n			</div>\n		</div>\n',63,0,'kani','::1','2018-04-23 16:10:47','2018-10-21 15:08:29'),(58,'1007',22,'			<div class=\"cbf_inp_wrap\">\n				<div class=\'cbf_inp\' >ID: </div>\n				<div class=\'cbf_input\'>\n					<span class=\"id\"></span>\n				</div>\n			</div>',64,0,'kani','::1','2018-04-23 16:11:13','2018-10-21 15:09:53'),(59,'1007',5,'		<div class=\"cbf_inp_wrap\">\n			<div class=\'cbf_inp_label\' >%comment: </div>\n			<div class=\'cbf_input\'>\n				<input type=\"text\" name=\"%field_s\" class=\"valid\" value=\"\" pattern=\"^[+-]?([0-9]*[.])?[0-9]+$\" maxlength=\"11\" title=\"数値を入力してください\" />\n				<label class=\"text-danger\" for=\"%field_s\" ></label>\n			</div>\n		</div>',65,0,'kani','::1','2018-04-23 16:11:22','2018-10-21 15:09:02'),(60,'1007',10,'		<div class=\"cbf_inp_wrap\">\n			<div class=\'cbf_inp_label\' >%comment: </div>\n			<div class=\'cbf_input\'>\n				<input type=\"text\" name=\"%field_s\" class=\"valid\" value=\"\" pattern=\"^[ -]?([0-9]*[.])?[0-9] $\" maxlength=\"11\" title=\"数値（浮動小数点）を入力してください\" />\n				<label class=\"text-danger\" for=\"%field_s\" ></label>\n			</div>\n		</div>\n',66,0,'kani','::1','2018-04-23 16:11:29','2018-10-21 15:11:14'),(61,'1007',12,'			<div class=\"cbf_inp_wrap\">\n				<div class=\'cbf_inp_label\' >%comment：</div>\n				<div class=\'cbf_input\'>\n					<input type=\"checkbox\" name=\"%field_s\" class=\"valid\"  />\n				</div>\n			</div>',67,0,'kani','::1','2018-04-23 16:11:53','2018-10-21 15:16:21'),(62,'1007',17,'',68,0,'kani','::1','2018-04-23 16:11:59','2018-04-23 07:12:04'),(63,'1007',18,'',69,0,'kani','::1','2018-04-23 16:12:24','2018-04-23 07:12:24'),(64,'1007',19,'',70,0,'kani','::1','2018-04-23 16:12:36','2018-04-23 07:12:36'),(65,'1007',26,'',71,0,'kani','::1','2018-04-23 16:12:42','2018-04-23 07:12:42'),(66,'1020',1,'',72,0,'kani','::1','2018-04-23 16:22:25','2018-04-23 07:22:25'),(67,'1020',27,'\n		// %commentリスト\n		$%field_lccList = $this->%model_c->get%field_cList();\n		$%field_s_json = json_encode($%field_lccList,JSON_HEX_TAG | JSON_HEX_QUOT | JSON_HEX_AMP | JSON_HEX_APOS);\n		$this->set(array(\'%field_lccList\' => $%field_lccList,\'%field_s_json\' => $%field_s_json));',73,0,'kani','::1','2018-04-23 16:22:38','2018-09-02 06:22:00'),(68,'1021',1,'',76,0,'kani','::1','2018-04-23 16:41:02','2018-04-23 07:41:30'),(69,'1021',27,'	/**\n	 * %commentリストをDBから取得する\n	 */\n	public function get%field_cList(){\n		if(empty($this->%field_out_model_c)){\n			App::uses(\'%field_out_model_c\',\'Model\');\n			$this->%field_out_model_c=ClassRegistry::init(\'%field_out_model_c\');\n		}\n		$fields=array(\'id\',\'%field_out_model_s_name\');//SELECT情報\n		$conditions=array(\"delete_flg = 0\");//WHERE情報\n		$order=array(\'sort_no\');//ORDER情報\n		$option=array(\n				\'fields\'=>$fields,\n				\'conditions\'=>$conditions,\n				\'order\'=>$order,\n		);\n\n		$data=$this->%field_out_model_c->find(\'all\',$option); // DBから取得\n		\n		// 構造変換\n		if(!empty($data)){\n			$data = Hash::combine($data, \'{n}.%field_out_model_c.id\',\'{n}.%field_out_model_c.%field_out_model_s_name\');\n		}\n		\n		return $data;\n	}',77,0,'kani','::1','2018-04-23 16:41:22','2018-09-02 13:46:45'),(70,'1022',1,'',78,0,'kani','::1','2018-04-23 16:55:06','2018-04-23 07:55:06'),(71,'1022',27,'	<input id=\"%field_s_json\" type=\"hidden\" value=\'<?php echo $%field_s_json; ?>\' />',79,0,'kani','::1','2018-04-23 16:55:18','2018-04-23 07:55:18'),(72,'1023',1,'',80,0,'kani','::1','2018-04-23 17:11:58','2018-04-23 08:11:58'),(73,'1023',27,'	// %commentリストJSON\n	var %field_s_json = jQuery(\'#%field_s_json\').val();\n	var %field_lccList = JSON.parse(%field_s_json);\n	disFilData[\'%field_s\'] ={\'fil_type\':\'select\',\'option\':{\'list\':%field_lccList}};',81,0,'kani','::1','2018-04-23 17:12:13','2018-04-23 22:05:09'),(74,'1030',1,'',82,0,'kani','::1','2018-04-24 09:55:06','2018-04-24 00:55:06'),(75,'1030',15,'	$(\"#new_inp_%field_s\").datepicker({dateFormat:\'yy-mm-dd\'});\n	$(\"#edit_%field_s\").datepicker({dateFormat:\'yy-mm-dd\'});',83,0,'kani','::1','2018-04-24 09:55:58','2018-04-24 00:55:58'),(76,'1006',15,'		<div class=\"cbf_inp_wrap\">\n			<div class=\'cbf_inp_label\' >%comment: </div>\n			<div class=\'cbf_input\'>\n				<input type=\"text\" name=\"%field_s\" class=\"valid datepicker\" value=\"\"  pattern=\"([0-9]{4})(/|-)([0-9]{1,2})(/|-)([0-9]{1,2})\" title=\"日付形式（Y-m-d）で入力してください(例：2012-12-12)\" />\n				<label class=\"text-danger\" for=\"%field_s\"></label>\n			</div>\n		</div>',42,0,'kani','::1','2018-04-24 09:58:09','2018-10-21 14:32:55'),(77,'1007',15,'		<div class=\"cbf_inp_wrap\">\n			<div class=\'cbf_inp_label\' >%comment: </div>\n			<div class=\'cbf_input\'>\n				<input type=\"text\" name=\"%field_s\" class=\"valid datepicker\" value=\"\"  pattern=\"([0-9]{4})(/|-)([0-9]{1,2})(/|-)([0-9]{1,2})\" title=\"日付形式（Y-m-d）で入力してください(例：2012-12-12)\" />\n				<label class=\"text-danger\" for=\"%field_s\"></label>\n			</div>\n		</div>\n',62,0,'kani','::1','2018-04-24 14:26:53','2018-10-21 15:07:59'),(78,'1007',4,'		<div class=\"cbf_inp_wrap\">\n			<div class=\'cbf_inp\' >%comment: </div>\n			<div class=\'cbf_input\'>\n				<input type=\"text\" name=\"%field_s\" class=\"valid \" value=\"\"  maxlength=\"%type_long\" title=\"%type_long文字以内で入力してください\" />\n				<label class=\"text-danger\" for=\"%field_s\"></label>\n			</div>\n		</div>\n',44,0,'kani','::1','2018-04-28 15:59:12','2018-10-21 14:42:11'),(79,'1006',4,'		<div class=\"cbf_inp_wrap\">\n			<div class=\'cbf_inp_label\' >%comment: </div>\n			<div class=\'cbf_input\'>\n				<input type=\"text\" name=\"%field_s\" class=\"valid\" value=\"\" pattern=\"^[+-]?([0-9]*[.])?[0-9]+$\" maxlength=\"11\" title=\"数値を入力してください\" />\n				<label class=\"text-danger\" for=\"%field_s\" ></label>\n			</div>\n		</div>',44,0,'kani','::1','2018-04-28 21:59:33','2018-10-21 14:38:11'),(80,'1040',22,'	public $useTable = \'%table_s\';',84,0,'kani','::1','2018-04-29 06:44:17','2018-04-28 21:54:13'),(81,'1005',28,'	$this->CrudBase->tdImage($ent,\'%field_s\');',33,0,'kani','::1','2018-09-11 11:16:46','2018-09-11 02:22:09'),(82,'1006',28,'		<div class=\"cbf_inp_wrap\">\n			<div class=\'cbf_inp_label_long\' >%comment: </div>\n			<div class=\'cbf_input\'>\n				<label for=\"%field_s_n\" class=\"fuk_label\" style=\"width:100px;height:100px;\">\n					<input type=\"file\" id=\"%field_s_n\" class=\"%field_s\" style=\"display:none\" accept=\"image/*\" title=\"画像ファイルのアップロード\" />\n				</label>\n			</div>\n		</div>\n',37,0,'kani','::1','2018-09-11 11:21:33','2018-10-21 15:04:53'),(83,'1007',28,'		<div class=\"cbf_inp_wrap\">\n			<div class=\'cbf_inp_label_long\' >%comment: </div>\n			<div class=\'cbf_input\'>\n				<label for=\"%field_s_e\" class=\"fuk_label\" style=\"width:100px;height:100px;\">\n					<input type=\"file\" id=\"%field_s_e\" class=\"%field_s\" style=\"display:none\" accept=\"image/*\" title=\"画像ファイルのアップロード\" />\n				</label>\n			</div>\n		</div>\n',58,0,'kani','::1','2018-09-11 11:24:50','2018-10-21 15:04:30'),(84,'1020-2',1,'',74,0,'kani','::1','2018-10-05 10:46:54','2018-10-05 01:47:20'),(85,'1020-2',27,'\n		// %commentリスト\n		$%field_lccList = $this->%model_c->get%field_cList();\n		$%field_s_json = json_encode($%field_lccList,JSON_HEX_TAG | JSON_HEX_QUOT | JSON_HEX_AMP | JSON_HEX_APOS);\n		$this->set(array(\'%field_lccList\' => $%field_lccList,\'%field_s_json\' => $%field_s_json));',75,0,'kani','::1','2018-10-05 10:47:12','2018-10-05 01:47:12'),(86,'1050',1,'	<th>%comment</th>',85,0,'kani','::1','2018-10-05 12:05:28','2018-10-05 03:05:52'),(87,'1051',1,'	$this->FrontA->tdPlain($ent,\'%field_s\');',86,0,'kani','::1','2018-10-05 12:08:53','2018-10-05 03:10:13'),(88,'1051',2,'	$this->FrontA->tdStr($ent,\'%field_s\');',87,0,'kani','::1','2018-10-05 12:09:04','2018-10-05 03:10:49'),(89,'1051',28,'	$this->FrontA->tdImage($ent,\'%field_s\',\'td_image\');',88,0,'kani','::1','2018-10-05 12:09:16','2018-10-05 03:11:31'),(90,'1051',3,'	$this->FrontA->tdNote($ent,\'%field_s\',\'td_note\');',89,0,'kani','::1','2018-10-05 12:09:33','2018-10-05 03:12:27'),(91,'1003',13,'		$kj_%field_s = $kjs[\'kj_%field_s\'];\n		if(!empty($kjs[\'kj_%field_s\']) || $kjs[\'kj_%field_s\'] ===\'0\' || $kjs[\'kj_%field_s\'] ===0){\n			if($kjs[\'kj_%field_s\'] != -1){\n				$cnds[]=\"%model_c.%field_s = {$kjs[\'kj_%field_s\']}\";\n			}\n		}',17,0,'kani','::1','2018-10-10 12:11:27','2018-10-10 03:14:42'),(92,'1004',13,'		$this->CrudBase->inputKjFlg($kjs,\'kj_%field_s\',\'%comment\');',24,0,'kani','::1','2018-10-10 12:16:23','2018-10-22 04:22:01'),(93,'1005',13,'	$this->CrudBase->tdFlg($ent,\'%field_s\');',34,0,'kani','::1','2018-10-10 12:20:34','2018-10-10 03:21:11'),(94,'1006',13,'		<div class=\"cbf_inp_wrap\">\n			<div class=\'cbf_inp_label\' >%comment: </div>\n			<div class=\'cbf_input\'>\n				<input type=\"checkbox\" name=\"%field_s\" class=\"valid\"/>\n				<label class=\"text-danger\" for=\"%field_s\" ></label>\n			</div>\n		</div>',40,0,'kani','::1','2018-10-10 12:23:47','2018-10-21 14:26:52'),(95,'1007',13,'		<div class=\"cbf_inp_wrap\">\n			<div class=\'cbf_inp_label\' >%comment: </div>\n			<div class=\'cbf_input\'>\n				<input type=\"checkbox\" name=\"%field_s\" class=\"valid\"/>\n				<label class=\"text-danger\" for=\"%field_s\" ></label>\n			</div>\n		</div>\n',60,0,'kani','::1','2018-10-10 12:25:55','2018-10-21 15:06:58'),(96,'1008',1,'',90,0,'kani','::1','2018-10-10 12:29:21','2018-10-10 03:29:21'),(97,'1008',13,'			\'%field_s\':{\n				\'fil_type\':\'flg\',\n				\'option\':{\'list\':[\'OFF\',\'ON\']}\n			},',91,0,'kani','::1','2018-10-10 12:29:50','2018-10-11 09:53:38'),(98,'1008',12,'			\'delete_flg\':{\n				\'fil_type\':\'delete_flg\',\n			},',92,0,'kani','::1','2018-10-10 12:31:12','2018-10-10 03:31:35'),(99,'1020',30,'		// 権限リスト\n		$roleList = $this->getRoleList();\n		$role_json = json_encode($roleList,JSON_HEX_TAG | JSON_HEX_QUOT | JSON_HEX_AMP | JSON_HEX_APOS);\n		$this->set(array(\'roleList\' => $roleList,\'role_json\' => $role_json));\n		\n		// 権限リスト空である場合、当画面にアクセス禁止にする。\n		if(empty($roleList)){\n			echo \'You do not have permission.<br>\';\n			die();\n		}',73,0,'kani','::1','2019-01-17 20:22:48','2019-01-18 03:34:52'),(100,'1002',29,'			\'%field_s\'=>array(\n					\'name\'=>\'%comment\',\n					\'row_order\'=>\'%model_c.%field_s\',\n					\'clm_show\'=>0,\n			),',11,0,'kani','::1','2019-01-17 20:36:07','2019-01-17 11:36:07'),(101,'1002',17,'			\'%field_s\'=>array(\n					\'name\'=>\'%comment\',\n					\'row_order\'=>\'%model_c.%field_s\',\n					\'clm_show\'=>0,\n			),',11,0,'kani','::1','2019-01-17 20:36:21','2019-01-17 11:36:21'),(102,'1002',12,'			\'%field_s\'=>array(\n					\'name\'=>\'%comment\',\n					\'row_order\'=>\'%model_c.%field_s\',\n					\'clm_show\'=>0,\n			),',11,0,'kani','::1','2019-01-17 20:36:35','2019-01-17 11:36:35'),(103,'1002',18,'			\'%field_s\'=>array(\n					\'name\'=>\'%comment\',\n					\'row_order\'=>\'%model_c.%field_s\',\n					\'clm_show\'=>0,\n			),',11,0,'kani','::1','2019-01-17 20:36:56','2019-01-17 11:36:56'),(104,'1002',19,'			\'%field_s\'=>array(\n					\'name\'=>\'%comment\',\n					\'row_order\'=>\'%model_c.%field_s\',\n					\'clm_show\'=>0,\n			),',11,0,'kani','::1','2019-01-17 20:37:03','2019-01-17 11:37:03'),(105,'1002',20,'			\'%field_s\'=>array(\n					\'name\'=>\'%comment\',\n					\'row_order\'=>\'%model_c.%field_s\',\n					\'clm_show\'=>0,\n			),',11,0,'kani','::1','2019-01-17 20:37:18','2019-01-17 11:37:18'),(106,'1002',21,'			\'%field_s\'=>array(\n					\'name\'=>\'%comment\',\n					\'row_order\'=>\'%model_c.%field_s\',\n					\'clm_show\'=>0,\n			),',11,0,'kani','::1','2019-01-17 20:37:27','2019-01-17 11:37:27'),(107,'1024',1,'',93,0,'kani','::1','2019-01-17 20:50:53','2019-01-17 11:50:53'),(108,'1024',28,'		// アップロードファイル名を変換する。\n		$ent = $this->convUploadFileName($ent,$_FILES);',94,0,'kani','::1','2019-01-17 20:51:14','2019-01-17 11:51:14'),(109,'1024',29,'		// パスワードを暗号化する\n		if(!empty($ent[\'password\'])){\n			$ent[\'password\'] = AuthComponent::password($ent[\'password\']);\n		}else{\n			unset($ent[\'password\']);\n		}',94,0,'kani','::1','2019-01-17 20:51:39','2019-01-17 11:51:40'),(110,'1019',1,'',95,0,'kani','::1','2019-01-18 12:23:24','2019-01-18 03:23:24'),(111,'1019',30,'		// 許可権限リストを作成(扱える下位権限のリスト）\n		$crudBaseData[\'kjs\'][\'permRoles\'] = $this->makePermRoles();\n		',96,0,'kani','::1','2019-01-18 12:23:50','2019-01-18 03:34:13'),(112,'1003',30,'		if(!empty($kjs[\'kj_role\']) || $kjs[\'kj_role\'] ===\'0\' || $kjs[\'kj_role\'] ===0){\n			$cnds[]=\"UserMng.role = {$kjs[\'kj_role\']}\";\n		}\n		if(!empty($kjs[\'permRoles\'])){\n			$perm_roles_c = \"\'\" . implode(\"\',\'\", $kjs[\'permRoles\']) . \"\'\";\n			$cnds[]=\"UserMng.role IN({$perm_roles_c})\";\n		}else{\n			$cnds[]=\"UserMng.role =\'empty\'\";\n		}',97,0,'kani','::1','2019-01-18 12:29:14','2019-01-18 03:29:14'),(113,'1006',16,'		<div class=\"cbf_inp_wrap\">\n			<div class=\'cbf_inp_label\' >%comment: </div>\n			<div class=\'cbf_input\'>\n				<input type=\"text\" name=\"%field_s\" class=\"valid \" value=\"\"  pattern=\"[0-9]{1,2}:[0-9]{1,2}:[0-9]{1,2}\" title=\"時刻形式（H:i:s）で入力してください(例：12:12:12)\" />\n				<label class=\"text-danger\" for=\"%field_s\"></label>\n			</div>\n		</div>',41,0,'kani','::1','2019-01-24 12:34:23','2019-01-24 03:35:40'),(114,'1007',16,'		<div class=\"cbf_inp_wrap\">\n			<div class=\'cbf_inp_label\' >%comment: </div>\n			<div class=\'cbf_input\'>\n				<input type=\"text\" name=\"%field_s\" class=\"valid \" value=\"\"  pattern=\"[0-9]{1,2}:[0-9]{1,2}:[0-9]{1,2}\" title=\"時刻形式（H:i:s）で入力してください(例：12:12:12)\" />\n				<label class=\"text-danger\" for=\"%field_s\"></label>\n			</div>\n		</div>',61,0,'kani','::1','2019-01-24 12:36:28','2019-01-24 03:36:28');
/*!40000 ALTER TABLE `hinagatas` ENABLE KEYS */;
UNLOCK TABLES;

--
-- Table structure for table `missions`
--

DROP TABLE IF EXISTS `missions`;
/*!40101 SET @saved_cs_client     = @@character_set_client */;
/*!40101 SET character_set_client = utf8 */;
CREATE TABLE `missions` (
  `id` int(11) NOT NULL AUTO_INCREMENT,
  `mission_name` varchar(255) NOT NULL COMMENT '任務名',
  `hina_file_id` int(11) NOT NULL COMMENT '雛ファイルID',
  `from_path` varchar(1024) NOT NULL COMMENT '複製元パス',
  `from_scr_code` varchar(64) NOT NULL COMMENT '複製元画面コード',
  `from_db_name` varchar(64) NOT NULL COMMENT '複製元DB名',
  `from_tbl_name` varchar(64) NOT NULL COMMENT '複製元テーブル名',
  `from_wamei` varchar(256) NOT NULL COMMENT '複製元和名',
  `to_path` varchar(1024) NOT NULL COMMENT '複製先パス',
  `to_scr_code` varchar(64) NOT NULL COMMENT '複製先画面コード',
  `to_db_name` varchar(64) NOT NULL COMMENT '複製先DB名',
  `to_tbl_name` varchar(64) NOT NULL COMMENT '複製先テーブル名',
  `to_wamei` varchar(256) NOT NULL COMMENT '複製先和名',
  `sort_no` int(11) DEFAULT '0' COMMENT '順番',
  `delete_flg` tinyint(1) DEFAULT '0' COMMENT '無効フラグ',
  `update_user` varchar(50) DEFAULT NULL COMMENT '更新者',
  `ip_addr` varchar(40) DEFAULT NULL COMMENT 'IPアドレス',
  `created` datetime DEFAULT NULL COMMENT '生成日時',
  `modified` timestamp NULL DEFAULT CURRENT_TIMESTAMP ON UPDATE CURRENT_TIMESTAMP COMMENT '更新日',
  PRIMARY KEY (`id`)
) ENGINE=InnoDB AUTO_INCREMENT=30 DEFAULT CHARSET=utf8;
/*!40101 SET character_set_client = @saved_cs_client */;

--
-- Dumping data for table `missions`
--

LOCK TABLES `missions` WRITE;
/*!40000 ALTER TABLE `missions` DISABLE KEYS */;
INSERT INTO `missions` VALUES (1,'TEST',0,'d','abc','asdf','asdf','asdf','asdf','asdf','asdf','cake_demo','asfasdfa',NULL,1,'kani','::1','2018-04-01 23:06:48','2018-04-05 14:19:52'),(2,'TEST１',1,'C:\\Users\\user\\git\\cake_demo\\app','Neko','cake_demo','nekos','ネコ','C:\\xampp\\htdocs\\animal_park\\app','Yagi','animal_park','yagis','ヤギ',1,0,'kani','::1','2018-04-05 23:19:41','2018-04-16 00:43:21'),(3,'動物・ユーザー管理',1,'C:\\Users\\user\\git\\cake_demo\\app','Neko','cake_demo','nekos','ネコ','C:\\xampp\\htdocs\\animal_park\\app','UserMng','animal_park','users','ユーザー管理',23,0,'kani','::1','2018-04-28 22:47:51','2018-04-28 13:51:49'),(4,'TEST2 テーブルと画面コードが異なる',1,'C:\\Users\\user\\git\\cake_demo\\app','Neko','cake_demo','nekos','ネコ','C:\\xampp\\htdocs\\animal_park\\app','HijarX','animal_park','yagis','ヒージャー',24,0,'kani','::1','2018-04-28 23:09:35','2018-04-28 14:09:35'),(5,'心得システム・心得カテゴリー',1,'C:\\Users\\user\\git\\cake_demo\\app','Neko','cake_demo','nekos','ネコ','C:\\Users\\user\\git\\knowledge\\app','KlCategory','zss_rec','kl_categorys','心得カテゴリー',26,0,'kani','::1','2018-05-08 19:06:03','2018-05-08 10:08:38'),(6,'心得システム・心得メイン',1,'C:\\Users\\user\\git\\cake_demo\\app','Neko','cake_demo','nekos','ネコ','C:\\Users\\user\\git\\knowledge\\app','Knowledge','zss_rec','knowledges','心得メイン',25,0,'kani','::1','2018-05-08 19:16:30','2018-05-08 10:16:30'),(7,'RecX',1,'C:\\Users\\user\\git\\cake_demo\\app','Neko','cake_demo','nekos','ネコ','C:\\xampp\\htdocs\\zss_rec\\app','RecX','zss_rec','recs','農業記録X',22,0,'kani','::1','2018-06-16 19:51:07','2018-06-16 10:51:07'),(8,'RecX',1,'C:\\Users\\user\\git\\cake_demo\\app','Neko','cake_demo','nekos','ネコ','C:\\xampp\\htdocs\\zss_rec\\app','DiaryA','zss_rec','diary_as','日誌Ａ',21,0,'kani','::1','2018-07-14 07:41:56','2018-07-13 22:41:56'),(9,'cb_red_book/BioCls',1,'C:\\Users\\user\\git\\cake_demo\\app','Neko','cake_demo','nekos','ネコ','C:\\xampp\\htdocs\\cb_red_book\\app','BioCls','cb_red_book','bio_clss','綱',18,0,'kani','::1','2018-09-01 22:54:54','2018-09-01 14:48:05'),(10,'cb_red_book/EnCtg',1,'C:\\Users\\user\\git\\cake_demo\\app','Neko','cake_demo','nekos','ネコ','C:\\xampp\\htdocs\\cb_red_book\\app','EnCtg','cb_red_book','en_ctgs','絶滅危惧種カテゴリー',19,0,'kani','::1','2018-09-01 23:49:49','2018-09-01 14:49:49'),(11,'cb_red_book/EnSp',1,'C:\\Users\\user\\git\\cake_demo\\app','Neko','cake_demo','nekos','ネコ','C:\\xampp\\htdocs\\cb_red_book\\app','EnSp','cb_red_book','en_sps','絶滅危惧生物',20,0,'kani','::1','2018-09-02 07:44:07','2018-09-01 22:44:07'),(12,'沖縄の動物',1,'C:\\Users\\user\\git\\cake_demo\\app','Neko','cake_demo','nekos','ネコ','C:\\xampp\\htdocs\\okianim\\app','OkiAnimal','okianim','oki_animals','沖縄動物',16,0,'kani','::1','2018-09-10 15:14:34','2018-09-10 06:15:21'),(13,'沖縄の動物',1,'C:\\Users\\user\\git\\cake_demo\\app','Neko','cake_demo','nekos','ネコ','C:\\xampp\\htdocs\\okianim\\app','AnimCtg','okianim','anim_ctgs','動物カテゴリ',17,0,'kani','::1','2018-09-10 15:18:21','2018-09-10 06:18:21'),(14,'zss_rec2:titles',1,'C:\\Users\\user\\git\\cake_demo\\app','Neko','cake_demo','nekos','ネコ','C:\\xampp\\htdocs\\zss_rec2\\app','Title','zss_rec2','titles','タイトル',12,0,'kani','::1','2018-10-05 16:38:56','2018-10-05 07:38:56'),(15,'zss_rec2:title_ctg',1,'C:\\Users\\user\\git\\cake_demo\\app','Neko','cake_demo','nekos','ネコ','C:\\xampp\\htdocs\\zss_rec2\\app','TitleCtg','zss_rec2','title_ctgs','タイトルカテゴリ',13,0,'kani','::1','2018-10-05 20:31:49','2018-10-05 11:31:50'),(16,'zss_rec2:rec',1,'C:\\Users\\user\\git\\cake_demo\\app','Neko','cake_demo','nekos','ネコ','C:\\xampp\\htdocs\\zss_rec2\\app','Rec','zss_rec2','recs','記録',14,0,'kani','::1','2018-10-06 08:28:39','2018-10-05 23:41:43'),(17,'zss_rec2:rec_ctg',1,'C:\\Users\\user\\git\\cake_demo\\app','Neko','cake_demo','nekos','ネコ','C:\\xampp\\htdocs\\zss_rec2\\app','RecCtg','zss_rec2','rec_ctgs','記録カテゴリ',15,0,'kani','::1','2018-10-06 08:36:22','2018-10-05 23:41:49'),(18,'テスト検証用',1,'C:\\Users\\user\\git\\cake_demo\\app','Neko','cake_demo','nekos','ネコ','C:\\Users\\user\\git\\cake_demo\\app','Buta','cake_demo','nekos','ブタ',11,0,'kani','::1','2018-10-10 13:34:56','2018-10-10 04:48:50'),(19,'テスト検証用2',1,'C:\\Users\\user\\git\\cake_demo\\app','Neko','cake_demo','nekos','ネコ','C:\\xampp\\htdocs\\animal_park\\app','Yagi','animal_park','yagis','ヤギ',1,1,'kani','::1','2018-10-10 13:35:49','2018-10-10 04:36:29'),(20,'見本予約',1,'C:\\Users\\user\\git\\cake_demo\\app','Neko','cake_demo','nekos','ネコ','C:\\xampp\\htdocs\\wakg_rsv\\mng\\app','RentalItem','wakg_rsv','rental_items','レンタルアイテム',6,0,'kani','::1','2018-12-26 15:55:13','2018-12-26 06:55:13'),(21,'見本予約・お客一覧',1,'C:\\xampp\\htdocs\\wakg_rsv\\mng\\app','RentalItem','wakg_rsv','rental_items','レンタルアイテム','C:\\xampp\\htdocs\\wakg_rsv\\mng\\app','Customer','wakg_rsv','customers','お客一覧',7,0,'kani','::1','2018-12-27 12:06:36','2018-12-27 03:06:37'),(22,'見本予約・休日管理',1,'C:\\xampp\\htdocs\\wakg_rsv\\mng\\app','RentalItem','wakg_rsv','rental_items','レンタルアイテム','C:\\xampp\\htdocs\\wakg_rsv\\mng\\app','Holiday','wakg_rsv','holidays','休日管理',8,0,'kani','::1','2018-12-27 17:49:57','2018-12-27 08:49:57'),(23,'見本予約・時間割',1,'C:\\xampp\\htdocs\\wakg_rsv\\mng\\app','RentalItem','wakg_rsv','rental_items','レンタルアイテム','C:\\xampp\\htdocs\\wakg_rsv\\mng\\app','Timetable','wakg_rsv','timetables','時間割',9,0,'kani','::1','2018-12-27 20:49:33','2018-12-27 11:49:33'),(24,'見本予約・レンタル数管理',1,'C:\\xampp\\htdocs\\wakg_rsv\\mng\\app','RentalItem','wakg_rsv','rental_items','レンタルアイテム','C:\\xampp\\htdocs\\wakg_rsv\\mng\\app','RentalCnt','wakg_rsv','rental_cnts','レンタル数管理',10,0,'kani','::1','2018-12-28 06:12:19','2018-12-27 21:12:20'),(25,'SDRS:現場マスタ',1,'C:\\Users\\user\\git\\cake_demo\\app','Neko','cake_demo','nekos','ネコ','C:\\xampp\\htdocs\\sdrs\\app','Site','sdrs','sites','現場',3,0,'kani','::1','2019-01-17 12:15:41','2019-01-17 03:16:29'),(26,'SDRS:作業カテゴリ',1,'C:\\Users\\user\\git\\cake_demo\\app','Neko','cake_demo','nekos','ネコ','C:\\xampp\\htdocs\\sdrs\\app','WorkCategory','sdrs','work_categorys','作業カテゴリ',4,0,'kani','::1','2019-01-17 16:46:23','2019-01-17 07:46:49'),(27,'SDRS:日報',1,'C:\\Users\\user\\git\\cake_demo\\app','Neko','cake_demo','nekos','ネコ','C:\\xampp\\htdocs\\sdrs\\app','DailyReport','sdrs','daily_reports','日報',5,0,'kani','::1','2019-01-17 17:22:48','2019-01-17 08:22:48'),(28,'CakeDemo:ユーザー管理',1,'C:\\Users\\user\\git\\cake_demo\\app','Neko','cake_demo','nekos','ネコ','C:\\xampp\\htdocs\\cake_demo\\app','UserMng','cake_demo','users','ユーザー管理',2,0,'kani','::1','2019-01-17 19:27:54','2019-01-17 10:27:54'),(29,'木曽町空き家検索',1,'C:\\Users\\user\\git\\cake_demo\\app','Neko','cake_demo','nekos','ネコ','C:\\xampp\\htdocs\\kiso_fvh\\app','Bukken','kiso_fvh','bukkens','空き家物件',1,0,'kani','::1','2019-01-23 16:02:38','2019-01-23 07:02:38');
/*!40000 ALTER TABLE `missions` ENABLE KEYS */;
UNLOCK TABLES;

--
-- Table structure for table `type_as`
--

DROP TABLE IF EXISTS `type_as`;
/*!40101 SET @saved_cs_client     = @@character_set_client */;
/*!40101 SET character_set_client = utf8 */;
CREATE TABLE `type_as` (
  `id` int(11) NOT NULL AUTO_INCREMENT,
  `type_a_name` varchar(256) NOT NULL COMMENT 'タイプ名',
  `par_id` int(11) DEFAULT '0' COMMENT '親ID',
  `cnd_eq_field_name` varchar(64) DEFAULT NULL COMMENT 'フィールド名条件【完全一致】',
  `cnd_in_field_name` varchar(64) DEFAULT NULL COMMENT 'フィールド名条件【部分一致】',
  `cnd_eq_field_type` varchar(32) DEFAULT NULL COMMENT 'フィールド型条件【完全一致】',
  `cnd_in_field_type` varchar(32) DEFAULT NULL COMMENT 'フィールド型条件【部分一致】',
  `cnd_type_long1` int(11) DEFAULT NULL COMMENT '型長さ条件1',
  `cnd_type_long2` int(11) DEFAULT NULL COMMENT '型長さ条件2',
  `cnd_null_flg` int(11) NOT NULL DEFAULT '0' COMMENT 'NULLフラグ条件',
  `cnd_p_key_flg` int(11) DEFAULT '0' COMMENT '主キーフラグ条件',
  `cnd_eq_def_val` varchar(256) DEFAULT NULL COMMENT 'デフォルト値条件【完全一致】',
  `cnd_in_def_val` varchar(256) DEFAULT NULL COMMENT 'デフォルト値条件【部分一致】',
  `cnd_eq_extra` varchar(256) DEFAULT NULL COMMENT '補足条件【完全一致】',
  `cnd_in_extra` varchar(256) DEFAULT NULL COMMENT '補足条件【部分一致】',
  `cnd_eq_comment` varchar(256) DEFAULT NULL COMMENT 'コメント条件【完全一致】',
  `cnd_in_comment` varchar(256) DEFAULT NULL COMMENT 'コメント条件【部分一致】',
  `sort_no` int(11) DEFAULT '0' COMMENT '順番',
  `delete_flg` tinyint(1) DEFAULT '0' COMMENT '無効フラグ',
  `update_user` varchar(50) DEFAULT NULL COMMENT '更新者',
  `ip_addr` varchar(40) DEFAULT NULL COMMENT 'IPアドレス',
  `created` datetime DEFAULT NULL COMMENT '生成日時',
  `modified` timestamp NULL DEFAULT CURRENT_TIMESTAMP ON UPDATE CURRENT_TIMESTAMP COMMENT '更新日',
  PRIMARY KEY (`id`)
) ENGINE=InnoDB AUTO_INCREMENT=31 DEFAULT CHARSET=utf8;
/*!40101 SET character_set_client = @saved_cs_client */;

--
-- Dumping data for table `type_as`
--

LOCK TABLES `type_as` WRITE;
/*!40000 ALTER TABLE `type_as` DISABLE KEYS */;
INSERT INTO `type_as` VALUES (1,'基本型',0,'','','','',NULL,NULL,0,0,'','','','','','',1,0,'kani','::1','2018-04-03 17:47:24','2018-04-18 13:28:24'),(2,'文字列型',1,'','','','varchar,text',NULL,NULL,0,0,'','','','','','',3,0,'kani','::1','2018-04-16 09:34:49','2018-04-18 13:30:45'),(3,'ノート型',2,'','','text','',NULL,NULL,0,0,'','','','','','',4,0,'kani','::1','2018-04-16 09:36:23','2018-04-18 13:31:32'),(4,'数値系',1,'','','','int,float,double,decimal',NULL,NULL,0,0,'','','','','','',5,0,'kani','::1','2018-04-18 22:32:42','2018-04-18 13:32:42'),(5,'整数型',4,'','','','int',NULL,NULL,0,0,'','','','','','',6,0,'kani','::1','2018-04-18 22:33:36','2018-04-18 13:33:36'),(6,'自然数型',5,'','','int','',NULL,NULL,0,0,'','','','','','',7,0,'kani','::1','2018-04-18 22:36:01','2018-04-18 13:36:01'),(7,'ID系',6,'','_id','','',NULL,NULL,0,0,'','','','','','',8,0,'kani','::1','2018-04-18 22:38:47','2018-04-18 13:38:47'),(8,'TEST',0,'','','','',NULL,NULL,0,0,'','','','','','',6,1,'kani','::1','2018-04-20 10:41:43','2018-04-20 13:08:51'),(9,'通貨型',4,'','','decimal','',NULL,NULL,0,0,'','','','','','',9,0,'kani','::1','2018-04-20 10:44:03','2018-04-20 03:24:20'),(10,'浮動小数型',4,'','','float,double','',NULL,NULL,0,0,'','','','','','',10,0,'kani','::1','2018-04-20 10:44:20','2018-04-20 03:25:30'),(11,'空有無フラグ',13,'','_flag','','',NULL,NULL,0,0,'','','','','','',12,0,'kani','::1','2018-04-20 10:44:55','2018-10-23 07:52:06'),(12,'削除フラグ',11,'delete_flg','','','',NULL,NULL,0,0,'','','','','','',13,0,'kani','::1','2018-04-20 10:45:22','2018-04-20 03:27:32'),(13,'有無フラグ',4,'','_flg','','',NULL,NULL,0,0,'','','','','','',11,0,'kani','::1','2018-04-20 10:48:37','2018-04-20 03:28:23'),(14,'日時型',1,'','','datetime','',NULL,NULL,0,0,'','','','','','',15,0,'kani','::1','2018-04-20 10:50:51','2018-04-20 03:33:58'),(15,'日付型',14,'','','date','',NULL,NULL,0,0,'','','','','','',16,0,'kani','::1','2018-04-20 10:52:53','2018-04-20 03:35:23'),(16,'時刻型',14,'','','time','',NULL,NULL,0,0,'','','','','','',17,0,'kani','::1','2018-04-20 10:54:59','2018-04-20 03:33:02'),(17,'順番型',5,'sort_no','','','',NULL,NULL,0,0,'','','','','','',18,0,'kani','::1','2018-04-20 11:06:53','2018-04-20 03:35:15'),(18,'更新ユーザー',2,'update_user','','','',NULL,NULL,0,0,'','','','','','',19,0,'kani','::1','2018-04-20 11:08:35','2018-04-20 03:37:55'),(19,'更新IPアドレス',2,'ip_addr','','','',NULL,NULL,0,0,'','','','','','',20,0,'kani','::1','2018-04-20 11:08:43','2018-04-20 03:38:31'),(20,'生成日時',26,'created','','','',NULL,NULL,0,0,'','','','','','',22,0,'kani','::1','2018-04-20 12:39:18','2018-04-21 14:28:10'),(21,'更新日時',26,'modified','','','',NULL,NULL,0,0,'','','','','','',23,0,'kani','::1','2018-04-20 12:39:44','2018-04-21 14:28:19'),(22,'id型',6,'id','','','',NULL,NULL,0,0,'','','','','','',25,0,'kani','::1','2018-04-20 22:05:14','2018-04-20 13:05:15'),(23,'共通系',1,'sort_no,update_user,ip_addr,delete_flg,created,modified,created','','','',NULL,NULL,0,0,'','','','','','',2,0,'kani','::1','2018-04-20 23:17:08','2018-04-20 14:17:08'),(24,'範囲数値',4,'','','int,float,double,decimal','',NULL,NULL,0,0,'','','','','','',14,0,'kani','::1','2018-04-21 06:50:51','2018-04-20 21:50:51'),(25,'日付範囲',15,'','','date','',NULL,NULL,0,0,'','','','','','',24,0,'kani','::1','2018-04-21 13:25:52','2018-04-21 04:28:33'),(26,'更新・生成日時',14,'created,modified','','','',NULL,NULL,0,0,'','','','','','',21,0,'kani','::1','2018-04-21 22:52:29','2018-04-21 13:52:29'),(27,'SELECT型',5,'','_id','','int',NULL,NULL,0,0,'','','','','','',26,0,'kani','::1','2018-04-21 23:47:26','2018-04-21 14:47:56'),(28,'画像ファイル型',2,'','_fn','','',NULL,NULL,0,NULL,'','','','','','',27,0,'kani','::1','2018-09-11 11:02:07','2018-09-11 02:02:07'),(29,'パスワード型',2,'','','','',NULL,NULL,0,0,'','','','','','パスワード',27,0,'kani','::1','2019-01-17 19:38:08','2019-01-17 10:38:08'),(30,'ユーザー権限型',27,'role','','','',NULL,NULL,0,0,'','','','','','',27,0,'kani','::1','2019-01-17 19:42:44','2019-01-17 10:48:40');
/*!40000 ALTER TABLE `type_as` ENABLE KEYS */;
UNLOCK TABLES;

--
-- Table structure for table `users`
--

DROP TABLE IF EXISTS `users`;
/*!40101 SET @saved_cs_client     = @@character_set_client */;
/*!40101 SET character_set_client = utf8 */;
CREATE TABLE `users` (
  `id` int(10) unsigned NOT NULL AUTO_INCREMENT,
  `username` varchar(50) CHARACTER SET latin1 DEFAULT NULL,
  `password` varchar(50) CHARACTER SET latin1 DEFAULT NULL,
  `role` varchar(20) CHARACTER SET latin1 DEFAULT NULL,
  `created` datetime DEFAULT NULL,
  `modified` datetime DEFAULT NULL,
  PRIMARY KEY (`id`)
) ENGINE=InnoDB AUTO_INCREMENT=4 DEFAULT CHARSET=utf8;
/*!40101 SET character_set_client = @saved_cs_client */;

--
-- Dumping data for table `users`
--

LOCK TABLES `users` WRITE;
/*!40000 ALTER TABLE `users` DISABLE KEYS */;
INSERT INTO `users` VALUES (1,'yagi','metabo',NULL,NULL,NULL),(2,'buta','6bc982d69201cebd343e66fd3ef0969e8a174ea2','admin','2014-06-30 07:58:30','2014-06-30 07:58:30'),(3,'kani','26d1cc26d3e5bd63041e42c0c397fd4154fd329c','admin','2014-06-30 08:24:48','2014-06-30 08:24:48');
/*!40000 ALTER TABLE `users` ENABLE KEYS */;
UNLOCK TABLES;
/*!40103 SET TIME_ZONE=@OLD_TIME_ZONE */;

/*!40101 SET SQL_MODE=@OLD_SQL_MODE */;
/*!40014 SET FOREIGN_KEY_CHECKS=@OLD_FOREIGN_KEY_CHECKS */;
/*!40014 SET UNIQUE_CHECKS=@OLD_UNIQUE_CHECKS */;
/*!40101 SET CHARACTER_SET_CLIENT=@OLD_CHARACTER_SET_CLIENT */;
/*!40101 SET CHARACTER_SET_RESULTS=@OLD_CHARACTER_SET_RESULTS */;
/*!40101 SET COLLATION_CONNECTION=@OLD_COLLATION_CONNECTION */;
/*!40111 SET SQL_NOTES=@OLD_SQL_NOTES */;

-- Dump completed on 2019-01-25 21:20:21
